BRANCHE;BAT_TYPE;USAGE;Etat de référence RT2000;2010-2015;2015-2020;2020-2030;2030-2040;2040-2050
Bureaux Administration;immeuble peri urbain;Chauffage;44.23;30.96;15.48;15.48;15.48;15.48
Bureaux Administration;immeuble rénové;Chauffage;24.75;17.32;8.66;8.66;8.66;8.66
Bureaux Administration;immeuble résidentiel;Chauffage;155.94;109.16;54.58;54.58;54.58;54.58
Bureaux Administration;plateau large bureau paysagés;Chauffage;44.01;30.81;15.4;15.4;15.4;15.4
Bureaux Administration;plateau large bureaux cloisonnés;Chauffage;57.93;40.55;20.27;20.27;20.27;20.27
Bureaux Administration;plateau mince;Chauffage;75.47;52.83;26.42;26.42;26.42;26.42
Café Hôtel Restaurant;Grand bar café tabac;Chauffage;87.21;61.05;30.52;30.52;30.52;30.52
Café Hôtel Restaurant;Grand Hotel avec restaurant Bas de gamme;Chauffage;63.94;44.76;22.38;22.38;22.38;22.38
Café Hôtel Restaurant;Grand Hotel avec restaurant Haut de gamme;Chauffage;76.73;53.71;26.86;26.86;26.86;26.86
Café Hôtel Restaurant;Grand Hotel avec restaurant Luxe;Chauffage;91.47;64.03;32.02;32.02;32.02;32.02
Café Hôtel Restaurant;Grand Hotel sans restaurant Bas de gamme;Chauffage;74.62;52.24;26.12;26.12;26.12;26.12
Café Hôtel Restaurant;Grand Hotel sans restaurant Haut de gamme;Chauffage;79.62;55.73;27.87;27.87;27.87;27.87
Café Hôtel Restaurant;Grand Hotel sans restaurant Luxe;Chauffage;117.03;81.92;40.96;40.96;40.96;40.96
Café Hôtel Restaurant;Grand restaurant rapide;Chauffage;152.92;107.05;53.52;53.52;53.52;53.52
Café Hôtel Restaurant;Grand restaurant traditionnel;Chauffage;95.96;67.17;33.58;33.58;33.58;33.58
Café Hôtel Restaurant;Grande cantine;Chauffage;80.67;56.47;28.23;28.23;28.23;28.23
Café Hôtel Restaurant;Hotel d'affaire avec restaurant Haut de gamme;Chauffage;117.03;81.92;40.96;40.96;40.96;40.96
Café Hôtel Restaurant;Hotel d'affaire avec restaurant Luxe;Chauffage;74.78;52.35;26.17;26.17;26.17;26.17
Café Hôtel Restaurant;Hotel d'affaire sans restaurant Haut de Gamme;Chauffage;117.03;81.92;40.96;40.96;40.96;40.96
Café Hôtel Restaurant;Hotel d'affaire sans restaurant Luxe;Chauffage;117.03;81.92;40.96;40.96;40.96;40.96
Café Hôtel Restaurant;Moyen Hotel avec restaurant Bas de gamme;Chauffage;129.57;90.7;45.35;45.35;45.35;45.35
Café Hôtel Restaurant;Moyen Hotel avec restaurant Haut de gamme;Chauffage;119.58;83.7;41.85;41.85;41.85;41.85
Café Hôtel Restaurant;Moyen Hotel avec restaurant Luxe;Chauffage;106.75;74.73;37.36;37.36;37.36;37.36
Café Hôtel Restaurant;Moyen Hotel sans restaurant Bas de gamme;Chauffage;125.69;87.99;43.99;43.99;43.99;43.99
Café Hôtel Restaurant;Moyen Hotel sans restaurant Haut de gamme;Chauffage;115.99;81.19;40.6;40.6;40.6;40.6
Café Hôtel Restaurant;Moyen Hotel sans restaurant Luxe;Chauffage;108.6;76.02;38.01;38.01;38.01;38.01
Café Hôtel Restaurant;Petit bar café tabac;Chauffage;124.75;87.32;43.66;43.66;43.66;43.66
Café Hôtel Restaurant;Petit Hotel avec restaurant Bas de gamme;Chauffage;185.93;130.15;65.07;65.07;65.07;65.07
Café Hôtel Restaurant;Petit Hotel avec restaurant Haut de gamme;Chauffage;169.58;118.71;59.35;59.35;59.35;59.35
Café Hôtel Restaurant;Petit Hotel avec restaurant Luxe;Chauffage;156.2;109.34;54.67;54.67;54.67;54.67
Café Hôtel Restaurant;Petit Hotel sans restaurant Bas de gamme;Chauffage;184.69;129.28;64.64;64.64;64.64;64.64
Café Hôtel Restaurant;Petit Hotel sans restaurant Haut de gamme;Chauffage;165.52;115.86;57.93;57.93;57.93;57.93
Café Hôtel Restaurant;Petit Hotel sans restaurant Luxe;Chauffage;117.03;81.92;40.96;40.96;40.96;40.96
Café Hôtel Restaurant;Petit restaurant rapide;Chauffage;120.77;84.54;42.27;42.27;42.27;42.27
Café Hôtel Restaurant;Petit restaurant traditionnel;Chauffage;119.14;83.4;41.7;41.7;41.7;41.7
Café Hôtel Restaurant;Petite cantine;Chauffage;115.17;80.62;40.31;40.31;40.31;40.31
Commerce;Complexe brico;Chauffage;50.99;35.69;17.85;17.85;17.85;17.85
Commerce;Entrepôt;Chauffage;55.23;38.66;19.33;19.33;19.33;19.33
Commerce;Grand alimentaire;Chauffage;81.63;57.14;28.57;28.57;28.57;28.57
Commerce;Grand brico;Chauffage;101.88;71.31;35.66;35.66;35.66;35.66
Commerce;Grand commerce de gros;Chauffage;72.57;50.8;25.4;25.4;25.4;25.4
Commerce;Grand librairie;Chauffage;65.13;45.59;22.79;22.79;22.79;22.79
Commerce;Grand Mode;Chauffage;64.99;45.5;22.75;22.75;22.75;22.75
Commerce;Grand process;Chauffage;89.07;62.35;31.17;31.17;31.17;31.17
Commerce;Hypermarché;Chauffage;104.64;73.25;36.62;36.62;36.62;36.62
Commerce;Petit boulangerie;Chauffage;123.31;86.32;43.16;43.16;43.16;43.16
Commerce;Petit brico;Chauffage;76.73;53.71;26.85;26.85;26.85;26.85
Commerce;Petit commerce de gros;Chauffage;77.34;54.14;27.07;27.07;27.07;27.07
Commerce;Petit librairie;Chauffage;77.56;54.29;27.15;27.15;27.15;27.15
Commerce;Petit mode;Chauffage;77.18;54.03;27.01;27.01;27.01;27.01
Commerce;Petit poissonnerie;Chauffage;120.25;84.17;42.09;42.09;42.09;42.09
Commerce;Petit process;Chauffage;105.32;73.72;36.86;36.86;36.86;36.86
Commerce;Superette;Chauffage;92.62;64.83;32.42;32.42;32.42;32.42
Commerce;Supermarché;Chauffage;94.18;65.93;32.96;32.96;32.96;32.96
Commerce;ZAC Mode;Chauffage;93.73;65.61;32.81;32.81;32.81;32.81
Enseignement Recherche;Cantine collége;Chauffage;216.98;151.89;75.94;75.94;75.94;75.94
Enseignement Recherche;Cantine élémentaire;Chauffage;185.86;130.11;65.05;65.05;65.05;65.05
Enseignement Recherche;Cantine LEGT;Chauffage;216.6;151.62;75.81;75.81;75.81;75.81
Enseignement Recherche;Cantine LP;Chauffage;215.72;151.01;75.5;75.5;75.5;75.5
Enseignement Recherche;Cantine préélémentaire;Chauffage;185.93;130.15;65.08;65.08;65.08;65.08
Enseignement Recherche;Collège;Chauffage;34.18;23.93;11.96;11.96;11.96;11.96
Enseignement Recherche;école;Chauffage;41.99;29.39;14.7;14.7;14.7;14.7
Enseignement Recherche;Elémentaire;Chauffage;36.48;25.54;12.77;12.77;12.77;12.77
Enseignement Recherche;Internat college;Chauffage;85.22;59.66;29.83;29.83;29.83;29.83
Enseignement Recherche;Internat LEGT;Chauffage;85.5;59.85;29.92;29.92;29.92;29.92
Enseignement Recherche;Internat LP;Chauffage;85.66;59.96;29.98;29.98;29.98;29.98
Enseignement Recherche;Lycée d’enseignement général et technologique (LEGT);Chauffage;32.4;22.68;11.34;11.34;11.34;11.34
Enseignement Recherche;Lycée professionnel (LP);Chauffage;33.78;23.65;11.82;11.82;11.82;11.82
Enseignement Recherche;Préélémentaire;Chauffage;36.39;25.47;12.74;12.74;12.74;12.74
Enseignement Recherche;R&D en sciences humaines et sociales;Chauffage;40.89;28.62;14.31;14.31;14.31;14.31
Enseignement Recherche;R&D sciences physiques et naturelles;Chauffage;40.43;28.3;14.15;14.15;14.15;14.15
Enseignement Recherche;université;Chauffage;41.95;29.37;14.68;14.68;14.68;14.68
Habitat Communautaire;Foyers;Chauffage;57.26;40.08;20.04;20.04;20.04;20.04
Habitat Communautaire;Maison de pré-retraite;Chauffage;40.51;28.35;14.18;14.18;14.18;14.18
Habitat Communautaire;Maison retraite médicalisée;Chauffage;42.89;30.02;15.01;15.01;15.01;15.01
Habitat Communautaire;Résidence universitaire;Chauffage;52.11;36.48;18.24;18.24;18.24;18.24
Habitat Communautaire;Résidentiel;Chauffage;84.02;58.81;29.41;29.41;29.41;29.41
Santé Action Sociale;Cabinet médical;Chauffage;32.4;22.68;11.34;11.34;11.34;11.34
Santé Action Sociale;Centre accueil;Chauffage;48.45;33.92;16.96;16.96;16.96;16.96
Santé Action Sociale;Garderie;Chauffage;67.23;47.06;23.53;23.53;23.53;23.53
Santé Action Sociale;Hopital bloc;Chauffage;61.31;42.92;21.46;21.46;21.46;21.46
Santé Action Sociale;Hopital maison;Chauffage;97.16;68.01;34.01;34.01;34.01;34.01
Santé Action Sociale;Hopital pavillonnaire;Chauffage;61.31;42.92;21.46;21.46;21.46;21.46
Sport Loisir Culture;Grand bar café tabac loisir;Chauffage;95.46;66.82;33.41;33.41;33.41;33.41
Sport Loisir Culture;Grand cinéma;Chauffage;60.39;42.27;21.14;21.14;21.14;21.14
Sport Loisir Culture;Grande salle de spectacle;Chauffage;41.69;29.18;14.59;14.59;14.59;14.59
Sport Loisir Culture;Grande salle multisport;Chauffage;10.09;7.06;3.53;3.53;3.53;3.53
Sport Loisir Culture;Immeuble péri urbain;Chauffage;40.21;28.14;14.07;14.07;14.07;14.07
Sport Loisir Culture;Musée;Chauffage;25.56;17.89;8.94;8.94;8.94;8.94
Sport Loisir Culture;loisir nr;Chauffage;0;0;0;0;0;0
Sport Loisir Culture;Patinoire;Chauffage;15.73;11.01;5.5;5.5;5.5;5.5
Sport Loisir Culture;Petit cinéma;Chauffage;38.03;26.62;13.31;13.31;13.31;13.31
Sport Loisir Culture;Petite salle de spectacle;Chauffage;42.58;29.8;14.9;14.9;14.9;14.9
Sport Loisir Culture;Petite salle multisport;Chauffage;60.38;42.27;21.13;21.13;21.13;21.13
Sport Loisir Culture;Piscine;Chauffage;11.79;8.25;4.12;4.12;4.12;4.12
Sport Loisir Culture;Salle non spécialisée;Chauffage;44.72;31.31;15.65;15.65;15.65;15.65
Sport Loisir Culture;Vestiaire et rangement;Chauffage;66.32;46.42;23.21;23.21;23.21;23.21
Sport Loisir Culture;loisir nr;Climatisation;0;0;0;0;0;0
Bureaux Administration;immeuble peri urbain;Climatisation;73.3;51.31;41.05;41.05;41.05;41.05
Bureaux Administration;immeuble rénové;Climatisation;64.43;45.1;36.08;36.08;36.08;36.08
Bureaux Administration;immeuble résidentiel;Climatisation;60.86;42.6;34.08;34.08;34.08;34.08
Bureaux Administration;plateau large bureau paysagés;Climatisation;128.87;90.21;72.17;72.17;72.17;72.17
Bureaux Administration;plateau large bureaux cloisonnés;Climatisation;101.18;70.82;56.66;56.66;56.66;56.66
Bureaux Administration;plateau mince;Climatisation;139.4;97.58;78.06;78.06;78.06;78.06
Café Hôtel Restaurant;Grand bar café tabac;Climatisation;74.94;52.46;41.96;41.96;41.96;41.96
Café Hôtel Restaurant;Grand Hotel avec restaurant Bas de gamme;Climatisation;70.61;49.42;39.54;39.54;39.54;39.54
Café Hôtel Restaurant;Grand Hotel avec restaurant Haut de gamme;Climatisation;68.08;47.65;38.12;38.12;38.12;38.12
Café Hôtel Restaurant;Grand Hotel avec restaurant Luxe;Climatisation;56.07;39.25;31.4;31.4;31.4;31.4
Café Hôtel Restaurant;Grand Hotel sans restaurant Bas de gamme;Climatisation;70.1;49.07;39.25;39.25;39.25;39.25
Café Hôtel Restaurant;Grand Hotel sans restaurant Haut de gamme;Climatisation;67.55;47.28;37.83;37.83;37.83;37.83
Café Hôtel Restaurant;Grand Hotel sans restaurant Luxe;Climatisation;52.04;36.43;29.14;29.14;29.14;29.14
Café Hôtel Restaurant;Grand restaurant rapide;Climatisation;68.97;48.28;38.62;38.62;38.62;38.62
Café Hôtel Restaurant;Grand restaurant traditionnel;Climatisation;66.23;46.36;37.09;37.09;37.09;37.09
Café Hôtel Restaurant;Grande cantine;Climatisation;40.4;28.28;22.62;22.62;22.62;22.62
Café Hôtel Restaurant;Hotel d'affaire avec restaurant Haut de gamme;Climatisation;90.57;63.4;50.72;50.72;50.72;50.72
Café Hôtel Restaurant;Hotel d'affaire avec restaurant Luxe;Climatisation;109.62;76.73;61.39;61.39;61.39;61.39
Café Hôtel Restaurant;Hotel d'affaire sans restaurant Haut de Gamme;Climatisation;90.06;63.04;50.43;50.43;50.43;50.43
Café Hôtel Restaurant;Hotel d'affaire sans restaurant Luxe;Climatisation;49.35;34.54;27.63;27.63;27.63;27.63
Café Hôtel Restaurant;Moyen Hotel avec restaurant Bas de gamme;Climatisation;70.17;49.12;39.29;39.29;39.29;39.29
Café Hôtel Restaurant;Moyen Hotel avec restaurant Haut de gamme;Climatisation;66.35;46.44;37.15;37.15;37.15;37.15
Café Hôtel Restaurant;Moyen Hotel avec restaurant Luxe;Climatisation;58.43;40.9;32.72;32.72;32.72;32.72
Café Hôtel Restaurant;Moyen Hotel sans restaurant Bas de gamme;Climatisation;69.86;48.9;39.12;39.12;39.12;39.12
Café Hôtel Restaurant;Moyen Hotel sans restaurant Haut de gamme;Climatisation;66.02;46.21;36.97;36.97;36.97;36.97
Café Hôtel Restaurant;Moyen Hotel sans restaurant Luxe;Climatisation;58.29;40.8;32.64;32.64;32.64;32.64
Café Hôtel Restaurant;Petit bar café tabac;Climatisation;88.55;61.98;49.59;49.59;49.59;49.59
Café Hôtel Restaurant;Petit Hotel avec restaurant Bas de gamme;Climatisation;104.05;72.84;58.27;58.27;58.27;58.27
Café Hôtel Restaurant;Petit Hotel avec restaurant Haut de gamme;Climatisation;95.25;66.68;53.34;53.34;53.34;53.34
Café Hôtel Restaurant;Petit Hotel avec restaurant Luxe;Climatisation;79.13;55.39;44.31;44.31;44.31;44.31
Café Hôtel Restaurant;Petit Hotel sans restaurant Bas de gamme;Climatisation;102.89;72.03;57.62;57.62;57.62;57.62
Café Hôtel Restaurant;Petit Hotel sans restaurant Haut de gamme;Climatisation;94.19;65.93;52.75;52.75;52.75;52.75
Café Hôtel Restaurant;Petit Hotel sans restaurant Luxe;Climatisation;78.81;55.17;44.14;44.14;44.14;44.14
Café Hôtel Restaurant;Petit restaurant rapide;Climatisation;74.1;51.87;41.49;41.49;41.49;41.49
Café Hôtel Restaurant;Petit restaurant traditionnel;Climatisation;74.1;51.87;41.49;41.49;41.49;41.49
Café Hôtel Restaurant;Petite cantine;Climatisation;48.25;33.78;27.02;27.02;27.02;27.02
Commerce;Complexe brico;Climatisation;51.39;35.97;28.78;28.78;28.78;28.78
Commerce;Entrepôt;Climatisation;35.79;25.05;20.04;20.04;20.04;20.04
Commerce;Grand alimentaire;Climatisation;63.81;44.67;35.73;35.73;35.73;35.73
Commerce;Grand brico;Climatisation;45.54;31.87;25.5;25.5;25.5;25.5
Commerce;Grand commerce de gros;Climatisation;45.22;31.66;25.33;25.33;25.33;25.33
Commerce;Grand librairie;Climatisation;65.49;45.84;36.67;36.67;36.67;36.67
Commerce;Grand Mode;Climatisation;65.49;45.84;36.67;36.67;36.67;36.67
Commerce;Grand process;Climatisation;65.48;45.84;36.67;36.67;36.67;36.67
Commerce;Hypermarché;Climatisation;55.81;39.07;31.25;31.25;31.25;31.25
Commerce;Petit boulangerie;Climatisation;89.54;62.68;50.14;50.14;50.14;50.14
Commerce;Petit brico;Climatisation;60.7;42.49;33.99;33.99;33.99;33.99
Commerce;Petit commerce de gros;Climatisation;45.06;31.54;25.23;25.23;25.23;25.23
Commerce;Petit librairie;Climatisation;60.7;42.49;33.99;33.99;33.99;33.99
Commerce;Petit mode;Climatisation;60.7;42.49;33.99;33.99;33.99;33.99
Commerce;Petit poissonnerie;Climatisation;42.4;29.68;23.74;23.74;23.74;23.74
Commerce;Petit process;Climatisation;60.7;42.49;33.99;33.99;33.99;33.99
Commerce;Superette;Climatisation;73.7;51.59;41.27;41.27;41.27;41.27
Commerce;Supermarché;Climatisation;60.95;42.67;34.13;34.13;34.13;34.13
Commerce;ZAC Mode;Climatisation;61.03;42.72;34.18;34.18;34.18;34.18
Enseignement Recherche;Cantine collége;Climatisation;17.41;12.19;9.75;9.75;9.75;9.75
Enseignement Recherche;Cantine élémentaire;Climatisation;17.41;12.19;9.75;9.75;9.75;9.75
Enseignement Recherche;Cantine LEGT;Climatisation;17.41;12.19;9.75;9.75;9.75;9.75
Enseignement Recherche;Cantine LP;Climatisation;17.41;12.19;9.75;9.75;9.75;9.75
Enseignement Recherche;Cantine préélémentaire;Climatisation;17.41;12.19;9.75;9.75;9.75;9.75
Enseignement Recherche;Collège;Climatisation;17.41;12.19;9.75;9.75;9.75;9.75
Enseignement Recherche;école;Climatisation;4.52;3.16;2.53;2.53;2.53;2.53
Enseignement Recherche;Elémentaire;Climatisation;17.41;12.19;9.75;9.75;9.75;9.75
Enseignement Recherche;Internat college;Climatisation;17.41;12.19;9.75;9.75;9.75;9.75
Enseignement Recherche;Internat LEGT;Climatisation;17.41;12.19;9.75;9.75;9.75;9.75
Enseignement Recherche;Internat LP;Climatisation;17.41;12.19;9.75;9.75;9.75;9.75
Enseignement Recherche;Lycée d’enseignement général et technologique (LEGT);Climatisation;17.41;12.19;9.75;9.75;9.75;9.75
Enseignement Recherche;Lycée professionnel (LP);Climatisation;17.41;12.19;9.75;9.75;9.75;9.75
Enseignement Recherche;Préélémentaire;Climatisation;17.41;12.19;9.75;9.75;9.75;9.75
Enseignement Recherche;R&D en sciences humaines et sociales;Climatisation;53.85;37.7;30.16;30.16;30.16;30.16
Enseignement Recherche;R&D sciences physiques et naturelles;Climatisation;53.13;37.19;29.75;29.75;29.75;29.75
Enseignement Recherche;université;Climatisation;4.56;3.19;2.55;2.55;2.55;2.55
Habitat Communautaire;Foyers;Climatisation;39.22;27.46;21.96;21.96;21.96;21.96
Habitat Communautaire;Maison de pré-retraite;Climatisation;65.34;45.73;36.59;36.59;36.59;36.59
Habitat Communautaire;Maison retraite médicalisée;Climatisation;65.41;45.78;36.63;36.63;36.63;36.63
Habitat Communautaire;Résidence universitaire;Climatisation;39.22;27.46;21.96;21.96;21.96;21.96
Habitat Communautaire;Résidentiel;Climatisation;39.22;27.46;21.96;21.96;21.96;21.96
Santé Action Sociale;Cabinet médical;Climatisation;31.91;22.34;17.87;17.87;17.87;17.87
Santé Action Sociale;Centre accueil;Climatisation;31.91;22.34;17.87;17.87;17.87;17.87
Santé Action Sociale;Garderie;Climatisation;31.91;22.34;17.87;17.87;17.87;17.87
Santé Action Sociale;Hopital bloc;Climatisation;55.88;39.12;31.29;31.29;31.29;31.29
Santé Action Sociale;Hopital maison;Climatisation;50.14;35.1;28.08;28.08;28.08;28.08
Santé Action Sociale;Hopital pavillonnaire;Climatisation;53.54;37.48;29.98;29.98;29.98;29.98
Sport Loisir Culture;Grand bar café tabac loisir;Climatisation;80.93;56.65;45.32;45.32;45.32;45.32
Sport Loisir Culture;Grand cinéma;Climatisation;191.09;133.76;107.01;107.01;107.01;107.01
Sport Loisir Culture;Grande salle de spectacle;Climatisation;170.26;119.18;95.35;95.35;95.35;95.35
Sport Loisir Culture;Grande salle multisport;Climatisation;397.95;278.57;222.85;222.85;222.85;222.85
Sport Loisir Culture;Immeuble péri urbain;Climatisation;76.26;53.38;42.71;42.71;42.71;42.71
Sport Loisir Culture;Musée;Climatisation;155.89;109.12;87.3;87.3;87.3;87.3
Sport Loisir Culture;loisir nr;Auxiliaires;0;0;0;0;0;0
Sport Loisir Culture;Patinoire;Climatisation;341.32;238.93;191.14;191.14;191.14;191.14
Sport Loisir Culture;Petit cinéma;Climatisation;173.23;121.26;97.01;97.01;97.01;97.01
Sport Loisir Culture;Petite salle de spectacle;Climatisation;131.69;92.19;73.75;73.75;73.75;73.75
Sport Loisir Culture;Petite salle multisport;Climatisation;281.15;196.8;157.44;157.44;157.44;157.44
Sport Loisir Culture;Piscine;Climatisation;346.3;242.41;193.93;193.93;193.93;193.93
Sport Loisir Culture;Salle non spécialisée;Climatisation;95.53;66.87;53.5;53.5;53.5;53.5
Sport Loisir Culture;Vestiaire et rangement;Climatisation;123.63;86.54;69.23;69.23;69.23;69.23
Sport Loisir Culture;loisir nr;Ventilation;0;0;0;0;0;0
Bureaux Administration;immeuble peri urbain;Auxiliaires;1.23;0.86;0.43;0.43;0.43;0.43
Bureaux Administration;immeuble rénové;Auxiliaires;9;6.3;3.15;3.15;3.15;3.15
Bureaux Administration;immeuble résidentiel;Auxiliaires;0.45;0.32;0.16;0.16;0.16;0.16
Bureaux Administration;plateau large bureau paysagés;Auxiliaires;4.41;3.08;1.54;1.54;1.54;1.54
Bureaux Administration;plateau large bureaux cloisonnés;Auxiliaires;5.01;3.51;1.75;1.75;1.75;1.75
Bureaux Administration;plateau mince;Auxiliaires;5.96;4.17;2.09;2.09;2.09;2.09
Café Hôtel Restaurant;Grand bar café tabac;Auxiliaires;18.17;12.72;6.36;6.36;6.36;6.36
Café Hôtel Restaurant;Grand Hotel avec restaurant Bas de gamme;Auxiliaires;14.61;10.23;5.11;5.11;5.11;5.11
Café Hôtel Restaurant;Grand Hotel avec restaurant Haut de gamme;Auxiliaires;14.68;10.28;5.14;5.14;5.14;5.14
Café Hôtel Restaurant;Grand Hotel avec restaurant Luxe;Auxiliaires;15.75;11.03;5.51;5.51;5.51;5.51
Café Hôtel Restaurant;Grand Hotel sans restaurant Bas de gamme;Auxiliaires;13.84;9.69;4.84;4.84;4.84;4.84
Café Hôtel Restaurant;Grand Hotel sans restaurant Haut de gamme;Auxiliaires;12.11;8.48;4.24;4.24;4.24;4.24
Café Hôtel Restaurant;Grand Hotel sans restaurant Luxe;Auxiliaires;19.96;13.97;6.99;6.99;6.99;6.99
Café Hôtel Restaurant;Grand restaurant rapide;Auxiliaires;22.11;15.48;7.74;7.74;7.74;7.74
Café Hôtel Restaurant;Grand restaurant traditionnel;Auxiliaires;16.41;11.49;5.74;5.74;5.74;5.74
Café Hôtel Restaurant;Grande cantine;Auxiliaires;13.17;9.22;4.61;4.61;4.61;4.61
Café Hôtel Restaurant;Hotel d'affaire avec restaurant Haut de gamme;Auxiliaires;19.96;13.97;6.99;6.99;6.99;6.99
Café Hôtel Restaurant;Hotel d'affaire avec restaurant Luxe;Auxiliaires;16.88;11.82;5.91;5.91;5.91;5.91
Café Hôtel Restaurant;Hotel d'affaire sans restaurant Haut de Gamme;Auxiliaires;19.96;13.97;6.99;6.99;6.99;6.99
Café Hôtel Restaurant;Hotel d'affaire sans restaurant Luxe;Auxiliaires;19.96;13.97;6.99;6.99;6.99;6.99
Café Hôtel Restaurant;Moyen Hotel avec restaurant Bas de gamme;Auxiliaires;23.1;16.17;8.09;8.09;8.09;8.09
Café Hôtel Restaurant;Moyen Hotel avec restaurant Haut de gamme;Auxiliaires;20.43;14.3;7.15;7.15;7.15;7.15
Café Hôtel Restaurant;Moyen Hotel avec restaurant Luxe;Auxiliaires;17.88;12.52;6.26;6.26;6.26;6.26
Café Hôtel Restaurant;Moyen Hotel sans restaurant Bas de gamme;Auxiliaires;20.81;14.56;7.28;7.28;7.28;7.28
Café Hôtel Restaurant;Moyen Hotel sans restaurant Haut de gamme;Auxiliaires;19.37;13.56;6.78;6.78;6.78;6.78
Café Hôtel Restaurant;Moyen Hotel sans restaurant Luxe;Auxiliaires;17.39;12.18;6.09;6.09;6.09;6.09
Café Hôtel Restaurant;Petit bar café tabac;Auxiliaires;22.03;15.42;7.71;7.71;7.71;7.71
Café Hôtel Restaurant;Petit Hotel avec restaurant Bas de gamme;Auxiliaires;31.22;21.86;10.93;10.93;10.93;10.93
Café Hôtel Restaurant;Petit Hotel avec restaurant Haut de gamme;Auxiliaires;29.61;20.73;10.37;10.37;10.37;10.37
Café Hôtel Restaurant;Petit Hotel avec restaurant Luxe;Auxiliaires;26.9;18.83;9.42;9.42;9.42;9.42
Café Hôtel Restaurant;Petit Hotel sans restaurant Bas de gamme;Auxiliaires;30.18;21.12;10.56;10.56;10.56;10.56
Café Hôtel Restaurant;Petit Hotel sans restaurant Haut de gamme;Auxiliaires;27.64;19.35;9.67;9.67;9.67;9.67
Café Hôtel Restaurant;Petit Hotel sans restaurant Luxe;Auxiliaires;19.96;13.97;6.99;6.99;6.99;6.99
Café Hôtel Restaurant;Petit restaurant rapide;Auxiliaires;18.89;13.22;6.61;6.61;6.61;6.61
Café Hôtel Restaurant;Petit restaurant traditionnel;Auxiliaires;18.37;12.86;6.43;6.43;6.43;6.43
Café Hôtel Restaurant;Petite cantine;Auxiliaires;17.52;12.26;6.13;6.13;6.13;6.13
Commerce;Complexe brico;Auxiliaires;28.67;20.07;10.03;10.03;10.03;10.03
Commerce;Entrepôt;Auxiliaires;16.02;11.21;5.61;5.61;5.61;5.61
Commerce;Grand alimentaire;Auxiliaires;3.97;2.78;1.39;1.39;1.39;1.39
Commerce;Grand brico;Auxiliaires;41.89;29.32;14.66;14.66;14.66;14.66
Commerce;Grand commerce de gros;Auxiliaires;28.49;19.95;9.97;9.97;9.97;9.97
Commerce;Grand librairie;Auxiliaires;1.6;1.12;0.56;0.56;0.56;0.56
Commerce;Grand Mode;Auxiliaires;1.6;1.12;0.56;0.56;0.56;0.56
Commerce;Grand process;Auxiliaires;0.85;0.59;0.3;0.3;0.3;0.3
Commerce;Hypermarché;Auxiliaires;55.49;38.84;19.42;19.42;19.42;19.42
Commerce;Petit boulangerie;Auxiliaires;1.88;1.31;0.66;0.66;0.66;0.66
Commerce;Petit brico;Auxiliaires;1.46;1.02;0.51;0.51;0.51;0.51
Commerce;Petit commerce de gros;Auxiliaires;27.09;18.96;9.48;9.48;9.48;9.48
Commerce;Petit librairie;Auxiliaires;1.22;0.86;0.43;0.43;0.43;0.43
Commerce;Petit mode;Auxiliaires;1.49;1.05;0.52;0.52;0.52;0.52
Commerce;Petit poissonnerie;Auxiliaires;1.3;0.91;0.46;0.46;0.46;0.46
Commerce;Petit process;Auxiliaires;0.82;0.57;0.29;0.29;0.29;0.29
Commerce;Superette;Auxiliaires;2.85;2;1;1;1;1
Commerce;Supermarché;Auxiliaires;56.51;39.56;19.78;19.78;19.78;19.78
Commerce;ZAC Mode;Auxiliaires;46.5;32.55;16.28;16.28;16.28;16.28
Enseignement Recherche;Cantine collége;Auxiliaires;1.18;0.83;0.41;0.41;0.41;0.41
Enseignement Recherche;Cantine élémentaire;Auxiliaires;1.07;0.75;0.37;0.37;0.37;0.37
Enseignement Recherche;Cantine LEGT;Auxiliaires;1.25;0.88;0.44;0.44;0.44;0.44
Enseignement Recherche;Cantine LP;Auxiliaires;1.19;0.83;0.42;0.42;0.42;0.42
Enseignement Recherche;Cantine préélémentaire;Auxiliaires;1.06;0.74;0.37;0.37;0.37;0.37
Enseignement Recherche;Collège;Auxiliaires;0.15;0.11;0.05;0.05;0.05;0.05
Enseignement Recherche;école;Auxiliaires;0.52;0.37;0.18;0.18;0.18;0.18
Enseignement Recherche;Elémentaire;Auxiliaires;0.05;0.04;0.02;0.02;0.02;0.02
Enseignement Recherche;Internat college;Auxiliaires;0.48;0.33;0.17;0.17;0.17;0.17
Enseignement Recherche;Internat LEGT;Auxiliaires;0.48;0.34;0.17;0.17;0.17;0.17
Enseignement Recherche;Internat LP;Auxiliaires;0.5;0.35;0.17;0.17;0.17;0.17
Enseignement Recherche;Lycée d’enseignement général et technologique (LEGT);Auxiliaires;0.17;0.12;0.06;0.06;0.06;0.06
Enseignement Recherche;Lycée professionnel (LP);Auxiliaires;0.16;0.11;0.06;0.06;0.06;0.06
Enseignement Recherche;Préélémentaire;Auxiliaires;0.05;0.04;0.02;0.02;0.02;0.02
Enseignement Recherche;R&D en sciences humaines et sociales;Auxiliaires;2.06;1.44;0.72;0.72;0.72;0.72
Enseignement Recherche;R&D sciences physiques et naturelles;Auxiliaires;2.34;1.64;0.82;0.82;0.82;0.82
Enseignement Recherche;université;Auxiliaires;0.52;0.36;0.18;0.18;0.18;0.18
Habitat Communautaire;Foyers;Auxiliaires;0.07;0.05;0.02;0.02;0.02;0.02
Habitat Communautaire;Maison de pré-retraite;Auxiliaires;0.66;0.46;0.23;0.23;0.23;0.23
Habitat Communautaire;Maison retraite médicalisée;Auxiliaires;0.9;0.63;0.31;0.31;0.31;0.31
Habitat Communautaire;Résidence universitaire;Auxiliaires;0.15;0.1;0.05;0.05;0.05;0.05
Habitat Communautaire;Résidentiel;Auxiliaires;0.06;0.04;0.02;0.02;0.02;0.02
Santé Action Sociale;Cabinet médical;Auxiliaires;0.12;0.08;0.04;0.04;0.04;0.04
Santé Action Sociale;Centre accueil;Auxiliaires;0.06;0.04;0.02;0.02;0.02;0.02
Santé Action Sociale;Garderie;Auxiliaires;0.11;0.07;0.04;0.04;0.04;0.04
Santé Action Sociale;Hopital bloc;Auxiliaires;1.59;1.11;0.56;0.56;0.56;0.56
Santé Action Sociale;Hopital maison;Auxiliaires;6.08;4.25;2.13;2.13;2.13;2.13
Santé Action Sociale;Hopital pavillonnaire;Auxiliaires;1.59;1.11;0.56;0.56;0.56;0.56
Sport Loisir Culture;Grand bar café tabac loisir;Auxiliaires;8.22;5.76;2.88;2.88;2.88;2.88
Sport Loisir Culture;Grand cinéma;Auxiliaires;18.5;12.95;6.47;6.47;6.47;6.47
Sport Loisir Culture;Grande salle de spectacle;Auxiliaires;23.48;16.44;8.22;8.22;8.22;8.22
Sport Loisir Culture;Grande salle multisport;Auxiliaires;1.98;1.39;0.69;0.69;0.69;0.69
Sport Loisir Culture;Immeuble péri urbain;Auxiliaires;0.89;0.62;0.31;0.31;0.31;0.31
Sport Loisir Culture;Musée;Auxiliaires;11.13;7.79;3.9;3.9;3.9;3.9
Sport Loisir Culture;loisir nr;ECS;33.12;33.12;33.12;33.12;33.12;33.12
Sport Loisir Culture;Patinoire;Auxiliaires;7.68;5.38;2.69;2.69;2.69;2.69
Sport Loisir Culture;Petit cinéma;Auxiliaires;14.13;9.89;4.94;4.94;4.94;4.94
Sport Loisir Culture;Petite salle de spectacle;Auxiliaires;15.41;10.79;5.39;5.39;5.39;5.39
Sport Loisir Culture;Petite salle multisport;Auxiliaires;3.14;2.2;1.1;1.1;1.1;1.1
Sport Loisir Culture;Piscine;Auxiliaires;5.37;3.76;1.88;1.88;1.88;1.88
Sport Loisir Culture;Salle non spécialisée;Auxiliaires;3.1;2.17;1.08;1.08;1.08;1.08
Sport Loisir Culture;Vestiaire et rangement;Auxiliaires;2.77;1.94;0.97;0.97;0.97;0.97
Sport Loisir Culture;loisir nr;Eclairage;205.66;143.96;86.38;86.38;86.38;86.38
Bureaux Administration;immeuble peri urbain;Ventilation;2.9;2.9;2.9;2.9;2.9;2.9
Bureaux Administration;immeuble rénové;Ventilation;3.55;3.55;3.55;3.55;3.55;3.55
Bureaux Administration;immeuble résidentiel;Ventilation;1.55;1.55;1.55;1.55;1.55;1.55
Bureaux Administration;plateau large bureau paysagés;Ventilation;8.13;8.13;8.13;8.13;8.13;8.13
Bureaux Administration;plateau large bureaux cloisonnés;Ventilation;3.91;3.91;3.91;3.91;3.91;3.91
Bureaux Administration;plateau mince;Ventilation;10.95;10.95;10.95;10.95;10.95;10.95
Café Hôtel Restaurant;Grand bar café tabac;Ventilation;11.79;11.79;11.79;11.79;11.79;11.79
Café Hôtel Restaurant;Grand Hotel avec restaurant Bas de gamme;Ventilation;9;9;9;9;9;9
Café Hôtel Restaurant;Grand Hotel avec restaurant Haut de gamme;Ventilation;8.98;8.98;8.98;8.98;8.98;8.98
Café Hôtel Restaurant;Grand Hotel avec restaurant Luxe;Ventilation;7.86;7.86;7.86;7.86;7.86;7.86
Café Hôtel Restaurant;Grand Hotel sans restaurant Bas de gamme;Ventilation;10.62;10.62;10.62;10.62;10.62;10.62
Café Hôtel Restaurant;Grand Hotel sans restaurant Haut de gamme;Ventilation;10.25;10.25;10.25;10.25;10.25;10.25
Café Hôtel Restaurant;Grand Hotel sans restaurant Luxe;Ventilation;10.08;10.08;10.08;10.08;10.08;10.08
Café Hôtel Restaurant;Grand restaurant rapide;Ventilation;12.22;12.22;12.22;12.22;12.22;12.22
Café Hôtel Restaurant;Grand restaurant traditionnel;Ventilation;12;12;12;12;12;12
Café Hôtel Restaurant;Grande cantine;Ventilation;6.26;6.26;6.26;6.26;6.26;6.26
Café Hôtel Restaurant;Hotel d'affaire avec restaurant Haut de gamme;Ventilation;10.08;10.08;10.08;10.08;10.08;10.08
Café Hôtel Restaurant;Hotel d'affaire avec restaurant Luxe;Ventilation;8.41;8.41;8.41;8.41;8.41;8.41
Café Hôtel Restaurant;Hotel d'affaire sans restaurant Haut de Gamme;Ventilation;10.08;10.08;10.08;10.08;10.08;10.08
Café Hôtel Restaurant;Hotel d'affaire sans restaurant Luxe;Ventilation;10.08;10.08;10.08;10.08;10.08;10.08
Café Hôtel Restaurant;Moyen Hotel avec restaurant Bas de gamme;Ventilation;9.07;9.07;9.07;9.07;9.07;9.07
Café Hôtel Restaurant;Moyen Hotel avec restaurant Haut de gamme;Ventilation;8.82;8.82;8.82;8.82;8.82;8.82
Café Hôtel Restaurant;Moyen Hotel avec restaurant Luxe;Ventilation;7.88;7.88;7.88;7.88;7.88;7.88
Café Hôtel Restaurant;Moyen Hotel sans restaurant Bas de gamme;Ventilation;10.65;10.65;10.65;10.65;10.65;10.65
Café Hôtel Restaurant;Moyen Hotel sans restaurant Haut de gamme;Ventilation;10.47;10.47;10.47;10.47;10.47;10.47
Café Hôtel Restaurant;Moyen Hotel sans restaurant Luxe;Ventilation;9.17;9.17;9.17;9.17;9.17;9.17
Café Hôtel Restaurant;Petit bar café tabac;Ventilation;12.13;12.13;12.13;12.13;12.13;12.13
Café Hôtel Restaurant;Petit Hotel avec restaurant Bas de gamme;Ventilation;8.22;8.22;8.22;8.22;8.22;8.22
Café Hôtel Restaurant;Petit Hotel avec restaurant Haut de gamme;Ventilation;8.15;8.15;8.15;8.15;8.15;8.15
Café Hôtel Restaurant;Petit Hotel avec restaurant Luxe;Ventilation;8.2;8.2;8.2;8.2;8.2;8.2
Café Hôtel Restaurant;Petit Hotel sans restaurant Bas de gamme;Ventilation;10.52;10.52;10.52;10.52;10.52;10.52
Café Hôtel Restaurant;Petit Hotel sans restaurant Haut de gamme;Ventilation;10.81;10.81;10.81;10.81;10.81;10.81
Café Hôtel Restaurant;Petit Hotel sans restaurant Luxe;Ventilation;10.08;10.08;10.08;10.08;10.08;10.08
Café Hôtel Restaurant;Petit restaurant rapide;Ventilation;15.38;15.38;15.38;15.38;15.38;15.38
Café Hôtel Restaurant;Petit restaurant traditionnel;Ventilation;15.33;15.33;15.33;15.33;15.33;15.33
Café Hôtel Restaurant;Petite cantine;Ventilation;9.7;9.7;9.7;9.7;9.7;9.7
Commerce;Complexe brico;Ventilation;2.82;2.82;2.82;2.82;2.82;2.82
Commerce;Entrepôt;Ventilation;0;0;0;0;0;0
Commerce;Grand alimentaire;Ventilation;3.33;3.33;3.33;3.33;3.33;3.33
Commerce;Grand brico;Ventilation;2.81;2.81;2.81;2.81;2.81;2.81
Commerce;Grand commerce de gros;Ventilation;3.46;3.46;3.46;3.46;3.46;3.46
Commerce;Grand librairie;Ventilation;3.36;3.36;3.36;3.36;3.36;3.36
Commerce;Grand Mode;Ventilation;3.36;3.36;3.36;3.36;3.36;3.36
Commerce;Grand process;Ventilation;3.34;3.34;3.34;3.34;3.34;3.34
Commerce;Hypermarché;Ventilation;2.88;2.88;2.88;2.88;2.88;2.88
Commerce;Petit boulangerie;Ventilation;3.57;3.57;3.57;3.57;3.57;3.57
Commerce;Petit brico;Ventilation;3.26;3.26;3.26;3.26;3.26;3.26
Commerce;Petit commerce de gros;Ventilation;3.32;3.32;3.32;3.32;3.32;3.32
Commerce;Petit librairie;Ventilation;3.33;3.33;3.33;3.33;3.33;3.33
Commerce;Petit mode;Ventilation;3.32;3.32;3.32;3.32;3.32;3.32
Commerce;Petit poissonnerie;Ventilation;3.29;3.29;3.29;3.29;3.29;3.29
Commerce;Petit process;Ventilation;3.27;3.27;3.27;3.27;3.27;3.27
Commerce;Superette;Ventilation;2.89;2.89;2.89;2.89;2.89;2.89
Commerce;Supermarché;Ventilation;2.94;2.94;2.94;2.94;2.94;2.94
Commerce;ZAC Mode;Ventilation;2.85;2.85;2.85;2.85;2.85;2.85
Enseignement Recherche;Cantine collége;Ventilation;6.46;6.46;6.46;6.46;6.46;6.46
Enseignement Recherche;Cantine élémentaire;Ventilation;5.12;5.12;5.12;5.12;5.12;5.12
Enseignement Recherche;Cantine LEGT;Ventilation;6.48;6.48;6.48;6.48;6.48;6.48
Enseignement Recherche;Cantine LP;Ventilation;7.04;7.04;7.04;7.04;7.04;7.04
Enseignement Recherche;Cantine préélémentaire;Ventilation;5.07;5.07;5.07;5.07;5.07;5.07
Enseignement Recherche;Collège;Ventilation;0.95;0.95;0.95;0.95;0.95;0.95
Enseignement Recherche;école;Ventilation;2.34;2.34;2.34;2.34;2.34;2.34
Enseignement Recherche;Elémentaire;Ventilation;0.52;0.52;0.52;0.52;0.52;0.52
Enseignement Recherche;Internat college;Ventilation;3.57;3.57;3.57;3.57;3.57;3.57
Enseignement Recherche;Internat LEGT;Ventilation;3.45;3.45;3.45;3.45;3.45;3.45
Enseignement Recherche;Internat LP;Ventilation;3.4;3.4;3.4;3.4;3.4;3.4
Enseignement Recherche;Lycée d’enseignement général et technologique (LEGT);Ventilation;0.96;0.96;0.96;0.96;0.96;0.96
Enseignement Recherche;Lycée professionnel (LP);Ventilation;0.96;0.96;0.96;0.96;0.96;0.96
Enseignement Recherche;Préélémentaire;Ventilation;0.52;0.52;0.52;0.52;0.52;0.52
Enseignement Recherche;R&D en sciences humaines et sociales;Ventilation;1.58;1.58;1.58;1.58;1.58;1.58
Enseignement Recherche;R&D sciences physiques et naturelles;Ventilation;1.63;1.63;1.63;1.63;1.63;1.63
Enseignement Recherche;université;Ventilation;2.31;2.31;2.31;2.31;2.31;2.31
Habitat Communautaire;Foyers;Ventilation;9.15;9.15;9.15;9.15;9.15;9.15
Habitat Communautaire;Maison de pré-retraite;Ventilation;3.84;3.84;3.84;3.84;3.84;3.84
Habitat Communautaire;Maison retraite médicalisée;Ventilation;5.82;5.82;5.82;5.82;5.82;5.82
Habitat Communautaire;Résidence universitaire;Ventilation;8.51;8.51;8.51;8.51;8.51;8.51
Habitat Communautaire;Résidentiel;Ventilation;3.87;3.87;3.87;3.87;3.87;3.87
Santé Action Sociale;Cabinet médical;Ventilation;5.31;5.31;5.31;5.31;5.31;5.31
Santé Action Sociale;Centre accueil;Ventilation;5.48;5.48;5.48;5.48;5.48;5.48
Santé Action Sociale;Garderie;Ventilation;7.18;7.18;7.18;7.18;7.18;7.18
Santé Action Sociale;Hopital bloc;Ventilation;15.84;15.84;15.84;15.84;15.84;15.84
Santé Action Sociale;Hopital maison;Ventilation;45.39;45.39;45.39;45.39;45.39;45.39
Santé Action Sociale;Hopital pavillonnaire;Ventilation;15.84;15.84;15.84;15.84;15.84;15.84
Sport Loisir Culture;Grand bar café tabac loisir;Ventilation;12.39;12.39;12.39;12.39;12.39;12.39
Sport Loisir Culture;Grand cinéma;Ventilation;7.41;7.41;7.41;7.41;7.41;7.41
Sport Loisir Culture;Grande salle de spectacle;Ventilation;9.14;9.14;9.14;9.14;9.14;9.14
Sport Loisir Culture;Grande salle multisport;Ventilation;4.25;4.25;4.25;4.25;4.25;4.25
Sport Loisir Culture;Immeuble péri urbain;Ventilation;3.23;3.23;3.23;3.23;3.23;3.23
Sport Loisir Culture;Musée;Ventilation;3.09;3.09;3.09;3.09;3.09;3.09
Sport Loisir Culture;loisir nr;Bureautique;0;0;0;0;0;0
Sport Loisir Culture;Patinoire;Ventilation;10.34;10.34;10.34;10.34;10.34;10.34
Sport Loisir Culture;Petit cinéma;Ventilation;5.73;5.73;5.73;5.73;5.73;5.73
Sport Loisir Culture;Petite salle de spectacle;Ventilation;2.69;2.69;2.69;2.69;2.69;2.69
Sport Loisir Culture;Petite salle multisport;Ventilation;6.28;6.28;6.28;6.28;6.28;6.28
Sport Loisir Culture;Piscine;Ventilation;7.35;7.35;7.35;7.35;7.35;7.35
Sport Loisir Culture;Salle non spécialisée;Ventilation;1.15;1.15;1.15;1.15;1.15;1.15
Sport Loisir Culture;Vestiaire et rangement;Ventilation;2.1;2.1;2.1;2.1;2.1;2.1
Sport Loisir Culture;loisir nr;Process;0;0;0;0;0;0
Bureaux Administration;immeuble peri urbain;ECS;5.54;5.54;5.54;5.54;5.54;5.54
Bureaux Administration;immeuble rénové;ECS;5.54;5.54;5.54;5.54;5.54;5.54
Bureaux Administration;immeuble résidentiel;ECS;5.54;5.54;5.54;5.54;5.54;5.54
Bureaux Administration;plateau large bureau paysagés;ECS;5.54;5.54;5.54;5.54;5.54;5.54
Bureaux Administration;plateau large bureaux cloisonnés;ECS;5.54;5.54;5.54;5.54;5.54;5.54
Bureaux Administration;plateau mince;ECS;5.54;5.54;5.54;5.54;5.54;5.54
Café Hôtel Restaurant;Grand bar café tabac;ECS;24.6;24.6;24.6;24.6;24.6;24.6
Café Hôtel Restaurant;Grand Hotel avec restaurant Bas de gamme;ECS;35.86;35.86;35.86;35.86;35.86;35.86
Café Hôtel Restaurant;Grand Hotel avec restaurant Haut de gamme;ECS;50.69;50.69;50.69;50.69;50.69;50.69
Café Hôtel Restaurant;Grand Hotel avec restaurant Luxe;ECS;33.78;33.78;33.78;33.78;33.78;33.78
Café Hôtel Restaurant;Grand Hotel sans restaurant Bas de gamme;ECS;39.79;39.79;39.79;39.79;39.79;39.79
Café Hôtel Restaurant;Grand Hotel sans restaurant Haut de gamme;ECS;52.91;52.91;52.91;52.91;52.91;52.91
Café Hôtel Restaurant;Grand Hotel sans restaurant Luxe;ECS;35.94;35.94;35.94;35.94;35.94;35.94
Café Hôtel Restaurant;Grand restaurant rapide;ECS;24.6;24.6;24.6;24.6;24.6;24.6
Café Hôtel Restaurant;Grand restaurant traditionnel;ECS;24.6;24.6;24.6;24.6;24.6;24.6
Café Hôtel Restaurant;Grande cantine;ECS;24.6;24.6;24.6;24.6;24.6;24.6
Café Hôtel Restaurant;Hotel d'affaire avec restaurant Haut de gamme;ECS;35.94;35.94;35.94;35.94;35.94;35.94
Café Hôtel Restaurant;Hotel d'affaire avec restaurant Luxe;ECS;34.32;34.32;34.32;34.32;34.32;34.32
Café Hôtel Restaurant;Hotel d'affaire sans restaurant Haut de Gamme;ECS;35.94;35.94;35.94;35.94;35.94;35.94
Café Hôtel Restaurant;Hotel d'affaire sans restaurant Luxe;ECS;35.94;35.94;35.94;35.94;35.94;35.94
Café Hôtel Restaurant;Moyen Hotel avec restaurant Bas de gamme;ECS;35.24;35.24;35.24;35.24;35.24;35.24
Café Hôtel Restaurant;Moyen Hotel avec restaurant Haut de gamme;ECS;56.12;56.12;56.12;56.12;56.12;56.12
Café Hôtel Restaurant;Moyen Hotel avec restaurant Luxe;ECS;33.78;33.78;33.78;33.78;33.78;33.78
Café Hôtel Restaurant;Moyen Hotel sans restaurant Bas de gamme;ECS;38.98;38.98;38.98;38.98;38.98;38.98
Café Hôtel Restaurant;Moyen Hotel sans restaurant Haut de gamme;ECS;61.22;61.22;61.22;61.22;61.22;61.22
Café Hôtel Restaurant;Moyen Hotel sans restaurant Luxe;ECS;37.01;37.01;37.01;37.01;37.01;37.01
Café Hôtel Restaurant;Petit bar café tabac;ECS;24.6;24.6;24.6;24.6;24.6;24.6
Café Hôtel Restaurant;Petit Hotel avec restaurant Bas de gamme;ECS;30.3;30.3;30.3;30.3;30.3;30.3
Café Hôtel Restaurant;Petit Hotel avec restaurant Haut de gamme;ECS;46.45;46.45;46.45;46.45;46.45;46.45
Café Hôtel Restaurant;Petit Hotel avec restaurant Luxe;ECS;32.43;32.43;32.43;32.43;32.43;32.43
Café Hôtel Restaurant;Petit Hotel sans restaurant Bas de gamme;ECS;32.73;32.73;32.73;32.73;32.73;32.73
Café Hôtel Restaurant;Petit Hotel sans restaurant Haut de gamme;ECS;50.07;50.07;50.07;50.07;50.07;50.07
Café Hôtel Restaurant;Petit Hotel sans restaurant Luxe;ECS;35.94;35.94;35.94;35.94;35.94;35.94
Café Hôtel Restaurant;Petit restaurant rapide;ECS;24.6;24.6;24.6;24.6;24.6;24.6
Café Hôtel Restaurant;Petit restaurant traditionnel;ECS;24.6;24.6;24.6;24.6;24.6;24.6
Café Hôtel Restaurant;Petite cantine;ECS;24.6;24.6;24.6;24.6;24.6;24.6
Commerce;Complexe brico;ECS;9.94;9.94;9.94;9.94;9.94;9.94
Commerce;Entrepôt;ECS;0;0;0;0;0;0
Commerce;Grand alimentaire;ECS;12.43;12.43;12.43;12.43;12.43;12.43
Commerce;Grand brico;ECS;9.94;9.94;9.94;9.94;9.94;9.94
Commerce;Grand commerce de gros;ECS;10.03;10.03;10.03;10.03;10.03;10.03
Commerce;Grand librairie;ECS;9.94;9.94;9.94;9.94;9.94;9.94
Commerce;Grand Mode;ECS;9.94;9.94;9.94;9.94;9.94;9.94
Commerce;Grand process;ECS;26.31;26.31;26.31;26.31;26.31;26.31
Commerce;Hypermarché;ECS;12.66;12.66;12.66;12.66;12.66;12.66
Commerce;Petit boulangerie;ECS;12.47;12.47;12.47;12.47;12.47;12.47
Commerce;Petit brico;ECS;9.94;9.94;9.94;9.94;9.94;9.94
Commerce;Petit commerce de gros;ECS;10.03;10.03;10.03;10.03;10.03;10.03
Commerce;Petit librairie;ECS;9.94;9.94;9.94;9.94;9.94;9.94
Commerce;Petit mode;ECS;9.94;9.94;9.94;9.94;9.94;9.94
Commerce;Petit poissonnerie;ECS;12.47;12.47;12.47;12.47;12.47;12.47
Commerce;Petit process;ECS;26.31;26.31;26.31;26.31;26.31;26.31
Commerce;Superette;ECS;12.66;12.66;12.66;12.66;12.66;12.66
Commerce;Supermarché;ECS;12.66;12.66;12.66;12.66;12.66;12.66
Commerce;ZAC Mode;ECS;12.66;12.66;12.66;12.66;12.66;12.66
Enseignement Recherche;Cantine collége;ECS;8.3;8.3;8.3;8.3;8.3;8.3
Enseignement Recherche;Cantine élémentaire;ECS;9.28;9.28;9.28;9.28;9.28;9.28
Enseignement Recherche;Cantine LEGT;ECS;8.3;8.3;8.3;8.3;8.3;8.3
Enseignement Recherche;Cantine LP;ECS;8.3;8.3;8.3;8.3;8.3;8.3
Enseignement Recherche;Cantine préélémentaire;ECS;9.28;9.28;9.28;9.28;9.28;9.28
Enseignement Recherche;Collège;ECS;8.3;8.3;8.3;8.3;8.3;8.3
Enseignement Recherche;école;ECS;15.79;15.79;15.79;15.79;15.79;15.79
Enseignement Recherche;Elémentaire;ECS;9.28;9.28;9.28;9.28;9.28;9.28
Enseignement Recherche;Internat college;ECS;8.3;8.3;8.3;8.3;8.3;8.3
Enseignement Recherche;Internat LEGT;ECS;8.3;8.3;8.3;8.3;8.3;8.3
Enseignement Recherche;Internat LP;ECS;8.3;8.3;8.3;8.3;8.3;8.3
Enseignement Recherche;Lycée d’enseignement général et technologique (LEGT);ECS;8.3;8.3;8.3;8.3;8.3;8.3
Enseignement Recherche;Lycée professionnel (LP);ECS;8.3;8.3;8.3;8.3;8.3;8.3
Enseignement Recherche;Préélémentaire;ECS;9.28;9.28;9.28;9.28;9.28;9.28
Enseignement Recherche;R&D en sciences humaines et sociales;ECS;15.79;15.79;15.79;15.79;15.79;15.79
Enseignement Recherche;R&D sciences physiques et naturelles;ECS;15.79;15.79;15.79;15.79;15.79;15.79
Enseignement Recherche;université;ECS;15.79;15.79;15.79;15.79;15.79;15.79
Habitat Communautaire;Foyers;ECS;26.67;26.67;26.67;26.67;26.67;26.67
Habitat Communautaire;Maison de pré-retraite;ECS;26.67;26.67;26.67;26.67;26.67;26.67
Habitat Communautaire;Maison retraite médicalisée;ECS;26.67;26.67;26.67;26.67;26.67;26.67
Habitat Communautaire;Résidence universitaire;ECS;26.67;26.67;26.67;26.67;26.67;26.67
Habitat Communautaire;Résidentiel;ECS;26.67;26.67;26.67;26.67;26.67;26.67
Santé Action Sociale;Cabinet médical;ECS;27.09;27.09;27.09;27.09;27.09;27.09
Santé Action Sociale;Centre accueil;ECS;27.05;27.05;27.05;27.05;27.05;27.05
Santé Action Sociale;Garderie;ECS;27.06;27.06;27.06;27.06;27.06;27.06
Santé Action Sociale;Hopital bloc;ECS;27.06;27.06;27.06;27.06;27.06;27.06
Santé Action Sociale;Hopital maison;ECS;27.06;27.06;27.06;27.06;27.06;27.06
Santé Action Sociale;Hopital pavillonnaire;ECS;27.06;27.06;27.06;27.06;27.06;27.06
Sport Loisir Culture;Grand bar café tabac loisir;ECS;24.5;24.5;24.5;24.5;24.5;24.5
Sport Loisir Culture;Grand cinéma;ECS;10.05;10.05;10.05;10.05;10.05;10.05
Sport Loisir Culture;Grande salle de spectacle;ECS;17.39;17.39;17.39;17.39;17.39;17.39
Sport Loisir Culture;Grande salle multisport;ECS;50.29;50.29;50.29;50.29;50.29;50.29
Sport Loisir Culture;Immeuble péri urbain;ECS;5.52;5.52;5.52;5.52;5.52;5.52
Sport Loisir Culture;Musée;ECS;5.69;5.69;5.69;5.69;5.69;5.69
Sport Loisir Culture;loisir nr;Froid_alimentaire;0;0;0;0;0;0
Sport Loisir Culture;Patinoire;ECS;28.04;28.04;28.04;28.04;28.04;28.04
Sport Loisir Culture;Petit cinéma;ECS;17.04;17.04;17.04;17.04;17.04;17.04
Sport Loisir Culture;Petite salle de spectacle;ECS;16.03;16.03;16.03;16.03;16.03;16.03
Sport Loisir Culture;Petite salle multisport;ECS;67.06;67.06;67.06;67.06;67.06;67.06
Sport Loisir Culture;Piscine;ECS;97.19;97.19;97.19;97.19;97.19;97.19
Sport Loisir Culture;Salle non spécialisée;ECS;32.79;32.79;32.79;32.79;32.79;32.79
Sport Loisir Culture;Vestiaire et rangement;ECS;248.12;248.12;248.12;248.12;248.12;248.12
Sport Loisir Culture;loisir nr;Autre;0.1;0.1;0.1;0.1;0.1;0.1
Bureaux Administration;immeuble peri urbain;Eclairage;21.3;14.91;8.95;8.95;8.95;8.95
Bureaux Administration;immeuble rénové;Eclairage;27.35;19.14;11.49;11.49;11.49;11.49
Bureaux Administration;immeuble résidentiel;Eclairage;5.32;3.72;2.23;2.23;2.23;2.23
Bureaux Administration;plateau large bureau paysagés;Eclairage;16.66;11.66;7;7;7;7
Bureaux Administration;plateau large bureaux cloisonnés;Eclairage;16.34;11.44;6.86;6.86;6.86;6.86
Bureaux Administration;plateau mince;Eclairage;11.43;8;4.8;4.8;4.8;4.8
Café Hôtel Restaurant;Grand bar café tabac;Eclairage;40.32;28.22;16.93;16.93;16.93;16.93
Café Hôtel Restaurant;Grand Hotel avec restaurant Bas de gamme;Eclairage;19.69;13.79;8.27;8.27;8.27;8.27
Café Hôtel Restaurant;Grand Hotel avec restaurant Haut de gamme;Eclairage;21.31;14.92;8.95;8.95;8.95;8.95
Café Hôtel Restaurant;Grand Hotel avec restaurant Luxe;Eclairage;23.44;16.4;9.84;9.84;9.84;9.84
Café Hôtel Restaurant;Grand Hotel sans restaurant Bas de gamme;Eclairage;20.08;14.06;8.43;8.43;8.43;8.43
Café Hôtel Restaurant;Grand Hotel sans restaurant Haut de gamme;Eclairage;21.38;14.97;8.98;8.98;8.98;8.98
Café Hôtel Restaurant;Grand Hotel sans restaurant Luxe;Eclairage;22.35;15.65;9.39;9.39;9.39;9.39
Café Hôtel Restaurant;Grand restaurant rapide;Eclairage;25.88;18.12;10.87;10.87;10.87;10.87
Café Hôtel Restaurant;Grand restaurant traditionnel;Eclairage;31.46;22.02;13.21;13.21;13.21;13.21
Café Hôtel Restaurant;Grande cantine;Eclairage;15.76;11.03;6.62;6.62;6.62;6.62
Café Hôtel Restaurant;Hotel d'affaire avec restaurant Haut de gamme;Eclairage;22.35;15.65;9.39;9.39;9.39;9.39
Café Hôtel Restaurant;Hotel d'affaire avec restaurant Luxe;Eclairage;20.09;14.07;8.44;8.44;8.44;8.44
Café Hôtel Restaurant;Hotel d'affaire sans restaurant Haut de Gamme;Eclairage;22.35;15.65;9.39;9.39;9.39;9.39
Café Hôtel Restaurant;Hotel d'affaire sans restaurant Luxe;Eclairage;22.35;15.65;9.39;9.39;9.39;9.39
Café Hôtel Restaurant;Moyen Hotel avec restaurant Bas de gamme;Eclairage;19.02;13.31;7.99;7.99;7.99;7.99
Café Hôtel Restaurant;Moyen Hotel avec restaurant Haut de gamme;Eclairage;20.53;14.37;8.62;8.62;8.62;8.62
Café Hôtel Restaurant;Moyen Hotel avec restaurant Luxe;Eclairage;18.91;13.24;7.94;7.94;7.94;7.94
Café Hôtel Restaurant;Moyen Hotel sans restaurant Bas de gamme;Eclairage;19.02;13.31;7.99;7.99;7.99;7.99
Café Hôtel Restaurant;Moyen Hotel sans restaurant Haut de gamme;Eclairage;20.23;14.16;8.5;8.5;8.5;8.5
Café Hôtel Restaurant;Moyen Hotel sans restaurant Luxe;Eclairage;20.23;14.16;8.5;8.5;8.5;8.5
Café Hôtel Restaurant;Petit bar café tabac;Eclairage;35.27;24.69;14.81;14.81;14.81;14.81
Café Hôtel Restaurant;Petit Hotel avec restaurant Bas de gamme;Eclairage;18.63;13.04;7.82;7.82;7.82;7.82
Café Hôtel Restaurant;Petit Hotel avec restaurant Haut de gamme;Eclairage;19.57;13.7;8.22;8.22;8.22;8.22
Café Hôtel Restaurant;Petit Hotel avec restaurant Luxe;Eclairage;21.22;14.86;8.91;8.91;8.91;8.91
Café Hôtel Restaurant;Petit Hotel sans restaurant Bas de gamme;Eclairage;18.63;13.04;7.82;7.82;7.82;7.82
Café Hôtel Restaurant;Petit Hotel sans restaurant Haut de gamme;Eclairage;19.57;13.7;8.22;8.22;8.22;8.22
Café Hôtel Restaurant;Petit Hotel sans restaurant Luxe;Eclairage;22.35;15.65;9.39;9.39;9.39;9.39
Café Hôtel Restaurant;Petit restaurant rapide;Eclairage;26.6;18.62;11.17;11.17;11.17;11.17
Café Hôtel Restaurant;Petit restaurant traditionnel;Eclairage;26.6;18.62;11.17;11.17;11.17;11.17
Café Hôtel Restaurant;Petite cantine;Eclairage;15.4;10.78;6.47;6.47;6.47;6.47
Commerce;Complexe brico;Eclairage;50.65;35.45;21.27;21.27;21.27;21.27
Commerce;Entrepôt;Eclairage;40.57;28.4;17.04;17.04;17.04;17.04
Commerce;Grand alimentaire;Eclairage;31.8;22.26;13.36;13.36;13.36;13.36
Commerce;Grand brico;Eclairage;50.65;35.45;21.27;21.27;21.27;21.27
Commerce;Grand commerce de gros;Eclairage;57.19;40.03;24.02;24.02;24.02;24.02
Commerce;Grand librairie;Eclairage;29.7;20.79;12.48;12.48;12.48;12.48
Commerce;Grand Mode;Eclairage;29.7;20.79;12.48;12.48;12.48;12.48
Commerce;Grand process;Eclairage;29.7;20.79;12.48;12.48;12.48;12.48
Commerce;Hypermarché;Eclairage;80.92;56.64;33.98;33.98;33.98;33.98
Commerce;Petit boulangerie;Eclairage;36.05;25.23;15.14;15.14;15.14;15.14
Commerce;Petit brico;Eclairage;31.02;21.71;13.03;13.03;13.03;13.03
Commerce;Petit commerce de gros;Eclairage;57.35;40.14;24.09;24.09;24.09;24.09
Commerce;Petit librairie;Eclairage;31.02;21.71;13.03;13.03;13.03;13.03
Commerce;Petit mode;Eclairage;31.02;21.71;13.03;13.03;13.03;13.03
Commerce;Petit poissonnerie;Eclairage;31.02;21.71;13.03;13.03;13.03;13.03
Commerce;Petit process;Eclairage;31.02;21.71;13.03;13.03;13.03;13.03
Commerce;Superette;Eclairage;36.57;25.6;15.36;15.36;15.36;15.36
Commerce;Supermarché;Eclairage;81.01;56.71;34.02;34.02;34.02;34.02
Commerce;ZAC Mode;Eclairage;81.01;56.71;34.02;34.02;34.02;34.02
Enseignement Recherche;Cantine collége;Eclairage;1.69;1.19;0.71;0.71;0.71;0.71
Enseignement Recherche;Cantine élémentaire;Eclairage;1.12;0.79;0.47;0.47;0.47;0.47
Enseignement Recherche;Cantine LEGT;Eclairage;1.69;1.18;0.71;0.71;0.71;0.71
Enseignement Recherche;Cantine LP;Eclairage;1.69;1.19;0.71;0.71;0.71;0.71
Enseignement Recherche;Cantine préélémentaire;Eclairage;1.12;0.79;0.47;0.47;0.47;0.47
Enseignement Recherche;Collège;Eclairage;13.93;9.75;5.85;5.85;5.85;5.85
Enseignement Recherche;école;Eclairage;13.27;9.29;5.58;5.58;5.58;5.58
Enseignement Recherche;Elémentaire;Eclairage;7.18;5.03;3.02;3.02;3.02;3.02
Enseignement Recherche;Internat college;Eclairage;3.32;2.32;1.39;1.39;1.39;1.39
Enseignement Recherche;Internat LEGT;Eclairage;3.32;2.32;1.39;1.39;1.39;1.39
Enseignement Recherche;Internat LP;Eclairage;3.32;2.32;1.39;1.39;1.39;1.39
Enseignement Recherche;Lycée d’enseignement général et technologique (LEGT);Eclairage;13.93;9.75;5.85;5.85;5.85;5.85
Enseignement Recherche;Lycée professionnel (LP);Eclairage;13.93;9.75;5.85;5.85;5.85;5.85
Enseignement Recherche;Préélémentaire;Eclairage;7.18;5.03;3.02;3.02;3.02;3.02
Enseignement Recherche;R&D en sciences humaines et sociales;Eclairage;22.01;15.41;9.25;9.25;9.25;9.25
Enseignement Recherche;R&D sciences physiques et naturelles;Eclairage;22.02;15.41;9.25;9.25;9.25;9.25
Enseignement Recherche;université;Eclairage;13.27;9.29;5.58;5.58;5.58;5.58
Habitat Communautaire;Foyers;Eclairage;12.39;8.68;5.21;5.21;5.21;5.21
Habitat Communautaire;Maison de pré-retraite;Eclairage;20.81;14.57;8.74;8.74;8.74;8.74
Habitat Communautaire;Maison retraite médicalisée;Eclairage;20.23;14.16;8.49;8.49;8.49;8.49
Habitat Communautaire;Résidence universitaire;Eclairage;7.66;5.36;3.22;3.22;3.22;3.22
Habitat Communautaire;Résidentiel;Eclairage;11.34;7.94;4.76;4.76;4.76;4.76
Santé Action Sociale;Cabinet médical;Eclairage;15.75;11.03;6.62;6.62;6.62;6.62
Santé Action Sociale;Centre accueil;Eclairage;13.96;9.77;5.86;5.86;5.86;5.86
Santé Action Sociale;Garderie;Eclairage;8.12;5.69;3.41;3.41;3.41;3.41
Santé Action Sociale;Hopital bloc;Eclairage;15.59;10.92;6.55;6.55;6.55;6.55
Santé Action Sociale;Hopital maison;Eclairage;24.55;17.18;10.31;10.31;10.31;10.31
Santé Action Sociale;Hopital pavillonnaire;Eclairage;15.59;10.92;6.55;6.55;6.55;6.55
Sport Loisir Culture;Grand bar café tabac loisir;Eclairage;40.58;28.4;17.04;17.04;17.04;17.04
Sport Loisir Culture;Grand cinéma;Eclairage;23.61;16.52;9.91;9.91;9.91;9.91
Sport Loisir Culture;Grande salle de spectacle;Eclairage;26.72;18.7;11.22;11.22;11.22;11.22
Sport Loisir Culture;Grande salle multisport;Eclairage;34.75;24.33;14.6;14.6;14.6;14.6
Sport Loisir Culture;Immeuble péri urbain;Eclairage;21.34;14.94;8.96;8.96;8.96;8.96
Sport Loisir Culture;Musée;Eclairage;18.78;13.14;7.89;7.89;7.89;7.89
Sport Loisir Culture;loisir nr;Cuisson;0;0;0;0;0;0
Sport Loisir Culture;Patinoire;Eclairage;31.66;22.16;13.3;13.3;13.3;13.3
Sport Loisir Culture;Petit cinéma;Eclairage;20.4;14.28;8.57;8.57;8.57;8.57
Sport Loisir Culture;Petite salle de spectacle;Eclairage;19.23;13.46;8.08;8.08;8.08;8.08
Sport Loisir Culture;Petite salle multisport;Eclairage;48.7;34.09;20.45;20.45;20.45;20.45
Sport Loisir Culture;Piscine;Eclairage;39.48;27.63;16.58;16.58;16.58;16.58
Sport Loisir Culture;Salle non spécialisée;Eclairage;22.37;15.66;9.4;9.4;9.4;9.4
Sport Loisir Culture;Vestiaire et rangement;Eclairage;30.06;21.04;12.62;12.62;12.62;12.62
Transport;transport nr;Chauffage;140.86;98.6;49.3;49.3;49.3;49.3
Bureaux Administration;immeuble peri urbain;Bureautique;37;37;37;37;37;37
Bureaux Administration;immeuble rénové;Bureautique;37;37;37;37;37;37
Bureaux Administration;immeuble résidentiel;Bureautique;37;37;37;37;37;37
Bureaux Administration;plateau large bureau paysagés;Bureautique;37;37;37;37;37;37
Bureaux Administration;plateau large bureaux cloisonnés;Bureautique;37;37;37;37;37;37
Bureaux Administration;plateau mince;Bureautique;37;37;37;37;37;37
Café Hôtel Restaurant;Grand bar café tabac;Bureautique;2.84;2.84;2.84;2.84;2.84;2.84
Café Hôtel Restaurant;Grand Hotel avec restaurant Bas de gamme;Bureautique;2.98;2.98;2.98;2.98;2.98;2.98
Café Hôtel Restaurant;Grand Hotel avec restaurant Haut de gamme;Bureautique;2.95;2.95;2.95;2.95;2.95;2.95
Café Hôtel Restaurant;Grand Hotel avec restaurant Luxe;Bureautique;2.98;2.98;2.98;2.98;2.98;2.98
Café Hôtel Restaurant;Grand Hotel sans restaurant Bas de gamme;Bureautique;2.46;2.46;2.46;2.46;2.46;2.46
Café Hôtel Restaurant;Grand Hotel sans restaurant Haut de gamme;Bureautique;2.51;2.51;2.51;2.51;2.51;2.51
Café Hôtel Restaurant;Grand Hotel sans restaurant Luxe;Bureautique;2.85;2.85;2.85;2.85;2.85;2.85
Café Hôtel Restaurant;Grand restaurant rapide;Bureautique;3.27;3.27;3.27;3.27;3.27;3.27
Café Hôtel Restaurant;Grand restaurant traditionnel;Bureautique;3.27;3.27;3.27;3.27;3.27;3.27
Café Hôtel Restaurant;Grande cantine;Bureautique;2.84;2.84;2.84;2.84;2.84;2.84
Café Hôtel Restaurant;Hotel d'affaire avec restaurant Haut de gamme;Bureautique;2.85;2.85;2.85;2.85;2.85;2.85
Café Hôtel Restaurant;Hotel d'affaire avec restaurant Luxe;Bureautique;2.95;2.95;2.95;2.95;2.95;2.95
Café Hôtel Restaurant;Hotel d'affaire sans restaurant Haut de Gamme;Bureautique;2.85;2.85;2.85;2.85;2.85;2.85
Café Hôtel Restaurant;Hotel d'affaire sans restaurant Luxe;Bureautique;2.85;2.85;2.85;2.85;2.85;2.85
Café Hôtel Restaurant;Moyen Hotel avec restaurant Bas de gamme;Bureautique;2.98;2.98;2.98;2.98;2.98;2.98
Café Hôtel Restaurant;Moyen Hotel avec restaurant Haut de gamme;Bureautique;2.98;2.98;2.98;2.98;2.98;2.98
Café Hôtel Restaurant;Moyen Hotel avec restaurant Luxe;Bureautique;2.98;2.98;2.98;2.98;2.98;2.98
Café Hôtel Restaurant;Moyen Hotel sans restaurant Bas de gamme;Bureautique;2.4;2.4;2.4;2.4;2.4;2.4
Café Hôtel Restaurant;Moyen Hotel sans restaurant Haut de gamme;Bureautique;2.4;2.4;2.4;2.4;2.4;2.4
Café Hôtel Restaurant;Moyen Hotel sans restaurant Luxe;Bureautique;2.57;2.57;2.57;2.57;2.57;2.57
Café Hôtel Restaurant;Petit bar café tabac;Bureautique;2.84;2.84;2.84;2.84;2.84;2.84
Café Hôtel Restaurant;Petit Hotel avec restaurant Bas de gamme;Bureautique;2.98;2.98;2.98;2.98;2.98;2.98
Café Hôtel Restaurant;Petit Hotel avec restaurant Haut de gamme;Bureautique;2.98;2.98;2.98;2.98;2.98;2.98
Café Hôtel Restaurant;Petit Hotel avec restaurant Luxe;Bureautique;2.98;2.98;2.98;2.98;2.98;2.98
Café Hôtel Restaurant;Petit Hotel sans restaurant Bas de gamme;Bureautique;2.4;2.4;2.4;2.4;2.4;2.4
Café Hôtel Restaurant;Petit Hotel sans restaurant Haut de gamme;Bureautique;2.4;2.4;2.4;2.4;2.4;2.4
Café Hôtel Restaurant;Petit Hotel sans restaurant Luxe;Bureautique;2.85;2.85;2.85;2.85;2.85;2.85
Café Hôtel Restaurant;Petit restaurant rapide;Bureautique;3.27;3.27;3.27;3.27;3.27;3.27
Café Hôtel Restaurant;Petit restaurant traditionnel;Bureautique;3.27;3.27;3.27;3.27;3.27;3.27
Café Hôtel Restaurant;Petite cantine;Bureautique;2.84;2.84;2.84;2.84;2.84;2.84
Commerce;Complexe brico;Bureautique;1.4;1.4;1.4;1.4;1.4;1.4
Commerce;Entrepôt;Bureautique;0.45;0.45;0.45;0.45;0.45;0.45
Commerce;Grand alimentaire;Bureautique;8.55;8.55;8.55;8.55;8.55;8.55
Commerce;Grand brico;Bureautique;1.4;1.4;1.4;1.4;1.4;1.4
Commerce;Grand commerce de gros;Bureautique;2.09;2.09;2.09;2.09;2.09;2.09
Commerce;Grand librairie;Bureautique;1.89;1.89;1.89;1.89;1.89;1.89
Commerce;Grand Mode;Bureautique;1.4;1.4;1.4;1.4;1.4;1.4
Commerce;Grand process;Bureautique;3.31;3.31;3.31;3.31;3.31;3.31
Commerce;Hypermarché;Bureautique;9.27;9.27;9.27;9.27;9.27;9.27
Commerce;Petit boulangerie;Bureautique;3.91;3.91;3.91;3.91;3.91;3.91
Commerce;Petit brico;Bureautique;1.4;1.4;1.4;1.4;1.4;1.4
Commerce;Petit commerce de gros;Bureautique;2.09;2.09;2.09;2.09;2.09;2.09
Commerce;Petit librairie;Bureautique;1.62;1.62;1.62;1.62;1.62;1.62
Commerce;Petit mode;Bureautique;1.4;1.4;1.4;1.4;1.4;1.4
Commerce;Petit poissonnerie;Bureautique;3.91;3.91;3.91;3.91;3.91;3.91
Commerce;Petit process;Bureautique;3.31;3.31;3.31;3.31;3.31;3.31
Commerce;Superette;Bureautique;9.27;9.27;9.27;9.27;9.27;9.27
Commerce;Supermarché;Bureautique;9.27;9.27;9.27;9.27;9.27;9.27
Commerce;ZAC Mode;Bureautique;1.4;1.4;1.4;1.4;1.4;1.4
Enseignement Recherche;Cantine collége;Bureautique;2.41;2.41;2.41;2.41;2.41;2.41
Enseignement Recherche;Cantine élémentaire;Bureautique;2.26;2.26;2.26;2.26;2.26;2.26
Enseignement Recherche;Cantine LEGT;Bureautique;2.41;2.41;2.41;2.41;2.41;2.41
Enseignement Recherche;Cantine LP;Bureautique;2.41;2.41;2.41;2.41;2.41;2.41
Enseignement Recherche;Cantine préélémentaire;Bureautique;2.26;2.26;2.26;2.26;2.26;2.26
Enseignement Recherche;Collège;Bureautique;2.41;2.41;2.41;2.41;2.41;2.41
Enseignement Recherche;école;Bureautique;3.65;3.65;3.65;3.65;3.65;3.65
Enseignement Recherche;Elémentaire;Bureautique;2.26;2.26;2.26;2.26;2.26;2.26
Enseignement Recherche;Internat college;Bureautique;2.41;2.41;2.41;2.41;2.41;2.41
Enseignement Recherche;Internat LEGT;Bureautique;2.41;2.41;2.41;2.41;2.41;2.41
Enseignement Recherche;Internat LP;Bureautique;2.41;2.41;2.41;2.41;2.41;2.41
Enseignement Recherche;Lycée d’enseignement général et technologique (LEGT);Bureautique;2.41;2.41;2.41;2.41;2.41;2.41
Enseignement Recherche;Lycée professionnel (LP);Bureautique;2.41;2.41;2.41;2.41;2.41;2.41
Enseignement Recherche;Préélémentaire;Bureautique;2.26;2.26;2.26;2.26;2.26;2.26
Enseignement Recherche;R&D en sciences humaines et sociales;Bureautique;3.65;3.65;3.65;3.65;3.65;3.65
Enseignement Recherche;R&D sciences physiques et naturelles;Bureautique;3.65;3.65;3.65;3.65;3.65;3.65
Enseignement Recherche;université;Bureautique;3.65;3.65;3.65;3.65;3.65;3.65
Habitat Communautaire;Foyers;Bureautique;1;1;1;1;1;1
Habitat Communautaire;Maison de pré-retraite;Bureautique;1;1;1;1;1;1
Habitat Communautaire;Maison retraite médicalisée;Bureautique;1;1;1;1;1;1
Habitat Communautaire;Résidence universitaire;Bureautique;1;1;1;1;1;1
Habitat Communautaire;Résidentiel;Bureautique;1;1;1;1;1;1
Santé Action Sociale;Cabinet médical;Bureautique;1;1;1;1;1;1
Santé Action Sociale;Centre accueil;Bureautique;1;1;1;1;1;1
Santé Action Sociale;Garderie;Bureautique;1;1;1;1;1;1
Santé Action Sociale;Hopital bloc;Bureautique;1;1;1;1;1;1
Santé Action Sociale;Hopital maison;Bureautique;1;1;1;1;1;1
Santé Action Sociale;Hopital pavillonnaire;Bureautique;1;1;1;1;1;1
Sport Loisir Culture;Grand bar café tabac loisir;Bureautique;5;5;5;5;5;5
Sport Loisir Culture;Grand cinéma;Bureautique;1.73;1.73;1.73;1.73;1.73;1.73
Sport Loisir Culture;Grande salle de spectacle;Bureautique;7.02;7.02;7.02;7.02;7.02;7.02
Sport Loisir Culture;Grande salle multisport;Bureautique;0;0;0;0;0;0
Sport Loisir Culture;Immeuble péri urbain;Bureautique;34;34;34;34;34;34
Sport Loisir Culture;Musée;Bureautique;1.62;1.62;1.62;1.62;1.62;1.62
Transport;transport nr;Climatisation;6;4.2;3.36;3.36;3.36;3.36
Sport Loisir Culture;Patinoire;Bureautique;5.35;5.35;5.35;5.35;5.35;5.35
Sport Loisir Culture;Petit cinéma;Bureautique;0;0;0;0;0;0
Sport Loisir Culture;Petite salle de spectacle;Bureautique;0;0;0;0;0;0
Sport Loisir Culture;Petite salle multisport;Bureautique;0;0;0;0;0;0
Sport Loisir Culture;Piscine;Bureautique;0;0;0;0;0;0
Sport Loisir Culture;Salle non spécialisée;Bureautique;0;0;0;0;0;0
Sport Loisir Culture;Vestiaire et rangement;Bureautique;0;0;0;0;0;0
Transport;transport nr;Auxiliaires;0;0;0;0;0;0
Bureaux Administration;immeuble peri urbain;Process;0.53;0.53;0.53;0.53;0.53;0.53
Bureaux Administration;immeuble rénové;Process;0.53;0.53;0.53;0.53;0.53;0.53
Bureaux Administration;immeuble résidentiel;Process;0.53;0.53;0.53;0.53;0.53;0.53
Bureaux Administration;plateau large bureau paysagés;Process;0.53;0.53;0.53;0.53;0.53;0.53
Bureaux Administration;plateau large bureaux cloisonnés;Process;0.53;0.53;0.53;0.53;0.53;0.53
Bureaux Administration;plateau mince;Process;0.53;0.53;0.53;0.53;0.53;0.53
Café Hôtel Restaurant;Grand bar café tabac;Process;1.89;1.89;1.89;1.89;1.89;1.89
Café Hôtel Restaurant;Grand Hotel avec restaurant Bas de gamme;Process;1.99;1.99;1.99;1.99;1.99;1.99
Café Hôtel Restaurant;Grand Hotel avec restaurant Haut de gamme;Process;1.97;1.97;1.97;1.97;1.97;1.97
Café Hôtel Restaurant;Grand Hotel avec restaurant Luxe;Process;1.99;1.99;1.99;1.99;1.99;1.99
Café Hôtel Restaurant;Grand Hotel sans restaurant Bas de gamme;Process;1.64;1.64;1.64;1.64;1.64;1.64
Café Hôtel Restaurant;Grand Hotel sans restaurant Haut de gamme;Process;1.68;1.68;1.68;1.68;1.68;1.68
Café Hôtel Restaurant;Grand Hotel sans restaurant Luxe;Process;1.9;1.9;1.9;1.9;1.9;1.9
Café Hôtel Restaurant;Grand restaurant rapide;Process;2.18;2.18;2.18;2.18;2.18;2.18
Café Hôtel Restaurant;Grand restaurant traditionnel;Process;2.18;2.18;2.18;2.18;2.18;2.18
Café Hôtel Restaurant;Grande cantine;Process;1.89;1.89;1.89;1.89;1.89;1.89
Café Hôtel Restaurant;Hotel d'affaire avec restaurant Haut de gamme;Process;1.9;1.9;1.9;1.9;1.9;1.9
Café Hôtel Restaurant;Hotel d'affaire avec restaurant Luxe;Process;1.97;1.97;1.97;1.97;1.97;1.97
Café Hôtel Restaurant;Hotel d'affaire sans restaurant Haut de Gamme;Process;1.9;1.9;1.9;1.9;1.9;1.9
Café Hôtel Restaurant;Hotel d'affaire sans restaurant Luxe;Process;1.9;1.9;1.9;1.9;1.9;1.9
Café Hôtel Restaurant;Moyen Hotel avec restaurant Bas de gamme;Process;1.99;1.99;1.99;1.99;1.99;1.99
Café Hôtel Restaurant;Moyen Hotel avec restaurant Haut de gamme;Process;1.99;1.99;1.99;1.99;1.99;1.99
Café Hôtel Restaurant;Moyen Hotel avec restaurant Luxe;Process;1.99;1.99;1.99;1.99;1.99;1.99
Café Hôtel Restaurant;Moyen Hotel sans restaurant Bas de gamme;Process;1.6;1.6;1.6;1.6;1.6;1.6
Café Hôtel Restaurant;Moyen Hotel sans restaurant Haut de gamme;Process;1.6;1.6;1.6;1.6;1.6;1.6
Café Hôtel Restaurant;Moyen Hotel sans restaurant Luxe;Process;1.71;1.71;1.71;1.71;1.71;1.71
Café Hôtel Restaurant;Petit bar café tabac;Process;1.89;1.89;1.89;1.89;1.89;1.89
Café Hôtel Restaurant;Petit Hotel avec restaurant Bas de gamme;Process;1.99;1.99;1.99;1.99;1.99;1.99
Café Hôtel Restaurant;Petit Hotel avec restaurant Haut de gamme;Process;1.99;1.99;1.99;1.99;1.99;1.99
Café Hôtel Restaurant;Petit Hotel avec restaurant Luxe;Process;1.99;1.99;1.99;1.99;1.99;1.99
Café Hôtel Restaurant;Petit Hotel sans restaurant Bas de gamme;Process;1.6;1.6;1.6;1.6;1.6;1.6
Café Hôtel Restaurant;Petit Hotel sans restaurant Haut de gamme;Process;1.6;1.6;1.6;1.6;1.6;1.6
Café Hôtel Restaurant;Petit Hotel sans restaurant Luxe;Process;1.9;1.9;1.9;1.9;1.9;1.9
Café Hôtel Restaurant;Petit restaurant rapide;Process;2.18;2.18;2.18;2.18;2.18;2.18
Café Hôtel Restaurant;Petit restaurant traditionnel;Process;2.18;2.18;2.18;2.18;2.18;2.18
Café Hôtel Restaurant;Petite cantine;Process;1.89;1.89;1.89;1.89;1.89;1.89
Commerce;Complexe brico;Process;3.73;3.73;3.73;3.73;3.73;3.73
Commerce;Entrepôt;Process;1.2;1.2;1.2;1.2;1.2;1.2
Commerce;Grand alimentaire;Process;22.8;22.8;22.8;22.8;22.8;22.8
Commerce;Grand brico;Process;3.73;3.73;3.73;3.73;3.73;3.73
Commerce;Grand commerce de gros;Process;5.58;5.58;5.58;5.58;5.58;5.58
Commerce;Grand librairie;Process;5.03;5.03;5.03;5.03;5.03;5.03
Commerce;Grand Mode;Process;3.73;3.73;3.73;3.73;3.73;3.73
Commerce;Grand process;Process;8.84;8.84;8.84;8.84;8.84;8.84
Commerce;Hypermarché;Process;24.71;24.71;24.71;24.71;24.71;24.71
Commerce;Petit boulangerie;Process;10.42;10.42;10.42;10.42;10.42;10.42
Commerce;Petit brico;Process;3.73;3.73;3.73;3.73;3.73;3.73
Commerce;Petit commerce de gros;Process;5.58;5.58;5.58;5.58;5.58;5.58
Commerce;Petit librairie;Process;4.32;4.32;4.32;4.32;4.32;4.32
Commerce;Petit mode;Process;3.73;3.73;3.73;3.73;3.73;3.73
Commerce;Petit poissonnerie;Process;10.42;10.42;10.42;10.42;10.42;10.42
Commerce;Petit process;Process;8.84;8.84;8.84;8.84;8.84;8.84
Commerce;Superette;Process;24.71;24.71;24.71;24.71;24.71;24.71
Commerce;Supermarché;Process;24.71;24.71;24.71;24.71;24.71;24.71
Commerce;ZAC Mode;Process;3.73;3.73;3.73;3.73;3.73;3.73
Enseignement Recherche;Cantine collége;Process;1.03;1.03;1.03;1.03;1.03;1.03
Enseignement Recherche;Cantine élémentaire;Process;0.96;0.96;0.96;0.96;0.96;0.96
Enseignement Recherche;Cantine LEGT;Process;1.03;1.03;1.03;1.03;1.03;1.03
Enseignement Recherche;Cantine LP;Process;1.03;1.03;1.03;1.03;1.03;1.03
Enseignement Recherche;Cantine préélémentaire;Process;0.96;0.96;0.96;0.96;0.96;0.96
Enseignement Recherche;Collège;Process;1.03;1.03;1.03;1.03;1.03;1.03
Enseignement Recherche;école;Process;1.56;1.56;1.56;1.56;1.56;1.56
Enseignement Recherche;Elémentaire;Process;0.96;0.96;0.96;0.96;0.96;0.96
Enseignement Recherche;Internat college;Process;1.03;1.03;1.03;1.03;1.03;1.03
Enseignement Recherche;Internat LEGT;Process;1.03;1.03;1.03;1.03;1.03;1.03
Enseignement Recherche;Internat LP;Process;1.03;1.03;1.03;1.03;1.03;1.03
Enseignement Recherche;Lycée d’enseignement général et technologique (LEGT);Process;1.03;1.03;1.03;1.03;1.03;1.03
Enseignement Recherche;Lycée professionnel (LP);Process;1.03;1.03;1.03;1.03;1.03;1.03
Enseignement Recherche;Préélémentaire;Process;0.96;0.96;0.96;0.96;0.96;0.96
Enseignement Recherche;R&D en sciences humaines et sociales;Process;1.56;1.56;1.56;1.56;1.56;1.56
Enseignement Recherche;R&D sciences physiques et naturelles;Process;1.56;1.56;1.56;1.56;1.56;1.56
Enseignement Recherche;université;Process;1.56;1.56;1.56;1.56;1.56;1.56
Habitat Communautaire;Foyers;Process;6;6;6;6;6;6
Habitat Communautaire;Maison de pré-retraite;Process;6;6;6;6;6;6
Habitat Communautaire;Maison retraite médicalisée;Process;6;6;6;6;6;6
Habitat Communautaire;Résidence universitaire;Process;6;6;6;6;6;6
Habitat Communautaire;Résidentiel;Process;6;6;6;6;6;6
Santé Action Sociale;Cabinet médical;Process;4;4;4;4;4;4
Santé Action Sociale;Centre accueil;Process;4;4;4;4;4;4
Santé Action Sociale;Garderie;Process;4;4;4;4;4;4
Santé Action Sociale;Hopital bloc;Process;4;4;4;4;4;4
Santé Action Sociale;Hopital maison;Process;4;4;4;4;4;4
Santé Action Sociale;Hopital pavillonnaire;Process;4;4;4;4;4;4
Sport Loisir Culture;Grand bar café tabac loisir;Process;0;0;0;0;0;0
Sport Loisir Culture;Grand cinéma;Process;0;0;0;0;0;0
Sport Loisir Culture;Grande salle de spectacle;Process;5.35;5.35;5.35;5.35;5.35;5.35
Sport Loisir Culture;Grande salle multisport;Process;0;0;0;0;0;0
Sport Loisir Culture;Immeuble péri urbain;Process;0;0;0;0;0;0
Sport Loisir Culture;Musée;Process;0;0;0;0;0;0
Transport;transport nr;Ventilation;15;15;15;15;15;15
Sport Loisir Culture;Patinoire;Process;77.06;77.06;77.06;77.06;77.06;77.06
Sport Loisir Culture;Petit cinéma;Process;0;0;0;0;0;0
Sport Loisir Culture;Petite salle de spectacle;Process;0;0;0;0;0;0
Sport Loisir Culture;Petite salle multisport;Process;0;0;0;0;0;0
Sport Loisir Culture;Piscine;Process;384.91;384.91;384.91;384.91;384.91;384.91
Sport Loisir Culture;Salle non spécialisée;Process;0;0;0;0;0;0
Sport Loisir Culture;Vestiaire et rangement;Process;0;0;0;0;0;0
Transport;transport nr;ECS;13.47;13.47;13.47;13.47;13.47;13.47
Bureaux Administration;immeuble peri urbain;Froid_alimentaire;0.66;0.46;0.37;0.37;0.37;0.37
Bureaux Administration;immeuble rénové;Froid_alimentaire;0.66;0.46;0.37;0.37;0.37;0.37
Bureaux Administration;immeuble résidentiel;Froid_alimentaire;0.66;0.46;0.37;0.37;0.37;0.37
Bureaux Administration;plateau large bureau paysagés;Froid_alimentaire;0.66;0.46;0.37;0.37;0.37;0.37
Bureaux Administration;plateau large bureaux cloisonnés;Froid_alimentaire;0.66;0.46;0.37;0.37;0.37;0.37
Bureaux Administration;plateau mince;Froid_alimentaire;0.66;0.46;0.37;0.37;0.37;0.37
Café Hôtel Restaurant;Grand bar café tabac;Froid_alimentaire;14.19;9.94;7.95;7.95;7.95;7.95
Café Hôtel Restaurant;Grand Hotel avec restaurant Bas de gamme;Froid_alimentaire;14.9;10.43;8.34;8.34;8.34;8.34
Café Hôtel Restaurant;Grand Hotel avec restaurant Haut de gamme;Froid_alimentaire;14.74;10.32;8.26;8.26;8.26;8.26
Café Hôtel Restaurant;Grand Hotel avec restaurant Luxe;Froid_alimentaire;14.9;10.43;8.34;8.34;8.34;8.34
Café Hôtel Restaurant;Grand Hotel sans restaurant Bas de gamme;Froid_alimentaire;12.29;8.6;6.88;6.88;6.88;6.88
Café Hôtel Restaurant;Grand Hotel sans restaurant Haut de gamme;Froid_alimentaire;12.57;8.8;7.04;7.04;7.04;7.04
Café Hôtel Restaurant;Grand Hotel sans restaurant Luxe;Froid_alimentaire;14.26;9.98;7.99;7.99;7.99;7.99
Café Hôtel Restaurant;Grand restaurant rapide;Froid_alimentaire;16.33;11.43;9.14;9.14;9.14;9.14
Café Hôtel Restaurant;Grand restaurant traditionnel;Froid_alimentaire;16.33;11.43;9.14;9.14;9.14;9.14
Café Hôtel Restaurant;Grande cantine;Froid_alimentaire;14.19;9.94;7.95;7.95;7.95;7.95
Café Hôtel Restaurant;Hotel d'affaire avec restaurant Haut de gamme;Froid_alimentaire;14.26;9.98;7.99;7.99;7.99;7.99
Café Hôtel Restaurant;Hotel d'affaire avec restaurant Luxe;Froid_alimentaire;14.74;10.32;8.26;8.26;8.26;8.26
Café Hôtel Restaurant;Hotel d'affaire sans restaurant Haut de Gamme;Froid_alimentaire;14.26;9.98;7.99;7.99;7.99;7.99
Café Hôtel Restaurant;Hotel d'affaire sans restaurant Luxe;Froid_alimentaire;14.26;9.98;7.99;7.99;7.99;7.99
Café Hôtel Restaurant;Moyen Hotel avec restaurant Bas de gamme;Froid_alimentaire;14.9;10.43;8.34;8.34;8.34;8.34
Café Hôtel Restaurant;Moyen Hotel avec restaurant Haut de gamme;Froid_alimentaire;14.9;10.43;8.34;8.34;8.34;8.34
Café Hôtel Restaurant;Moyen Hotel avec restaurant Luxe;Froid_alimentaire;14.9;10.43;8.34;8.34;8.34;8.34
Café Hôtel Restaurant;Moyen Hotel sans restaurant Bas de gamme;Froid_alimentaire;12.01;8.4;6.72;6.72;6.72;6.72
Café Hôtel Restaurant;Moyen Hotel sans restaurant Haut de gamme;Froid_alimentaire;12.01;8.4;6.72;6.72;6.72;6.72
Café Hôtel Restaurant;Moyen Hotel sans restaurant Luxe;Froid_alimentaire;12.85;9;7.2;7.2;7.2;7.2
Café Hôtel Restaurant;Petit bar café tabac;Froid_alimentaire;14.19;9.94;7.95;7.95;7.95;7.95
Café Hôtel Restaurant;Petit Hotel avec restaurant Bas de gamme;Froid_alimentaire;14.9;10.43;8.34;8.34;8.34;8.34
Café Hôtel Restaurant;Petit Hotel avec restaurant Haut de gamme;Froid_alimentaire;14.9;10.43;8.34;8.34;8.34;8.34
Café Hôtel Restaurant;Petit Hotel avec restaurant Luxe;Froid_alimentaire;14.9;10.43;8.34;8.34;8.34;8.34
Café Hôtel Restaurant;Petit Hotel sans restaurant Bas de gamme;Froid_alimentaire;12.01;8.4;6.72;6.72;6.72;6.72
Café Hôtel Restaurant;Petit Hotel sans restaurant Haut de gamme;Froid_alimentaire;12.01;8.4;6.72;6.72;6.72;6.72
Café Hôtel Restaurant;Petit Hotel sans restaurant Luxe;Froid_alimentaire;14.26;9.98;7.99;7.99;7.99;7.99
Café Hôtel Restaurant;Petit restaurant rapide;Froid_alimentaire;16.33;11.43;9.14;9.14;9.14;9.14
Café Hôtel Restaurant;Petit restaurant traditionnel;Froid_alimentaire;16.33;11.43;9.14;9.14;9.14;9.14
Café Hôtel Restaurant;Petite cantine;Froid_alimentaire;14.19;9.94;7.95;7.95;7.95;7.95
Commerce;Complexe brico;Froid_alimentaire;1;0.7;0.56;0.56;0.56;0.56
Commerce;Entrepôt;Froid_alimentaire;3;2.1;1.68;1.68;1.68;1.68
Commerce;Grand alimentaire;Froid_alimentaire;134.89;94.42;75.54;75.54;75.54;75.54
Commerce;Grand brico;Froid_alimentaire;1;0.7;0.56;0.56;0.56;0.56
Commerce;Grand commerce de gros;Froid_alimentaire;14;9.8;7.84;7.84;7.84;7.84
Commerce;Grand librairie;Froid_alimentaire;6.38;4.46;3.57;3.57;3.57;3.57
Commerce;Grand Mode;Froid_alimentaire;1;0.7;0.56;0.56;0.56;0.56
Commerce;Grand process;Froid_alimentaire;1;0.7;0.56;0.56;0.56;0.56
Commerce;Hypermarché;Froid_alimentaire;150;105;84;84;84;84
Commerce;Petit boulangerie;Froid_alimentaire;5;3.5;2.8;2.8;2.8;2.8
Commerce;Petit brico;Froid_alimentaire;1;0.7;0.56;0.56;0.56;0.56
Commerce;Petit commerce de gros;Froid_alimentaire;14;9.8;7.84;7.84;7.84;7.84
Commerce;Petit librairie;Froid_alimentaire;1;0.7;0.56;0.56;0.56;0.56
Commerce;Petit mode;Froid_alimentaire;1;0.7;0.56;0.56;0.56;0.56
Commerce;Petit poissonnerie;Froid_alimentaire;5;3.5;2.8;2.8;2.8;2.8
Commerce;Petit process;Froid_alimentaire;1;0.7;0.56;0.56;0.56;0.56
Commerce;Superette;Froid_alimentaire;62;43.4;34.72;34.72;34.72;34.72
Commerce;Supermarché;Froid_alimentaire;150;105;84;84;84;84
Commerce;ZAC Mode;Froid_alimentaire;1;0.7;0.56;0.56;0.56;0.56
Enseignement Recherche;Cantine collége;Froid_alimentaire;1.29;0.9;0.72;0.72;0.72;0.72
Enseignement Recherche;Cantine élémentaire;Froid_alimentaire;1.21;0.85;0.68;0.68;0.68;0.68
Enseignement Recherche;Cantine LEGT;Froid_alimentaire;1.29;0.9;0.72;0.72;0.72;0.72
Enseignement Recherche;Cantine LP;Froid_alimentaire;1.29;0.9;0.72;0.72;0.72;0.72
Enseignement Recherche;Cantine préélémentaire;Froid_alimentaire;1.21;0.85;0.68;0.68;0.68;0.68
Enseignement Recherche;Collège;Froid_alimentaire;1.29;0.9;0.72;0.72;0.72;0.72
Enseignement Recherche;école;Froid_alimentaire;1.95;1.37;1.09;1.09;1.09;1.09
Enseignement Recherche;Elémentaire;Froid_alimentaire;1.21;0.85;0.68;0.68;0.68;0.68
Enseignement Recherche;Internat college;Froid_alimentaire;1.29;0.9;0.72;0.72;0.72;0.72
Enseignement Recherche;Internat LEGT;Froid_alimentaire;1.29;0.9;0.72;0.72;0.72;0.72
Enseignement Recherche;Internat LP;Froid_alimentaire;1.29;0.9;0.72;0.72;0.72;0.72
Enseignement Recherche;Lycée d’enseignement général et technologique (LEGT);Froid_alimentaire;1.29;0.9;0.72;0.72;0.72;0.72
Enseignement Recherche;Lycée professionnel (LP);Froid_alimentaire;1.29;0.9;0.72;0.72;0.72;0.72
Enseignement Recherche;Préélémentaire;Froid_alimentaire;1.21;0.85;0.68;0.68;0.68;0.68
Enseignement Recherche;R&D en sciences humaines et sociales;Froid_alimentaire;1.95;1.37;1.09;1.09;1.09;1.09
Enseignement Recherche;R&D sciences physiques et naturelles;Froid_alimentaire;1.95;1.37;1.09;1.09;1.09;1.09
Enseignement Recherche;université;Froid_alimentaire;1.95;1.37;1.09;1.09;1.09;1.09
Habitat Communautaire;Foyers;Froid_alimentaire;4;2.8;2.24;2.24;2.24;2.24
Habitat Communautaire;Maison de pré-retraite;Froid_alimentaire;4;2.8;2.24;2.24;2.24;2.24
Habitat Communautaire;Maison retraite médicalisée;Froid_alimentaire;4;2.8;2.24;2.24;2.24;2.24
Habitat Communautaire;Résidence universitaire;Froid_alimentaire;4;2.8;2.24;2.24;2.24;2.24
Habitat Communautaire;Résidentiel;Froid_alimentaire;4;2.8;2.24;2.24;2.24;2.24
Santé Action Sociale;Cabinet médical;Froid_alimentaire;8;5.6;4.48;4.48;4.48;4.48
Santé Action Sociale;Centre accueil;Froid_alimentaire;8;5.6;4.48;4.48;4.48;4.48
Santé Action Sociale;Garderie;Froid_alimentaire;8;5.6;4.48;4.48;4.48;4.48
Santé Action Sociale;Hopital bloc;Froid_alimentaire;8;5.6;4.48;4.48;4.48;4.48
Santé Action Sociale;Hopital maison;Froid_alimentaire;8;5.6;4.48;4.48;4.48;4.48
Santé Action Sociale;Hopital pavillonnaire;Froid_alimentaire;8;5.6;4.48;4.48;4.48;4.48
Sport Loisir Culture;Grand bar café tabac loisir;Froid_alimentaire;15;10.5;8.4;8.4;8.4;8.4
Sport Loisir Culture;Grand cinéma;Froid_alimentaire;0.86;0.6;0.48;0.48;0.48;0.48
Sport Loisir Culture;Grande salle de spectacle;Froid_alimentaire;6.19;4.33;3.46;3.46;3.46;3.46
Sport Loisir Culture;Grande salle multisport;Froid_alimentaire;0.99;0.69;0.55;0.55;0.55;0.55
Sport Loisir Culture;Immeuble péri urbain;Froid_alimentaire;10;7;5.6;5.6;5.6;5.6
Sport Loisir Culture;Musée;Froid_alimentaire;0.81;0.57;0.45;0.45;0.45;0.45
Transport;transport nr;Eclairage;64;44.8;26.88;26.88;26.88;26.88
Sport Loisir Culture;Patinoire;Froid_alimentaire;6.07;4.25;3.4;3.4;3.4;3.4
Sport Loisir Culture;Petit cinéma;Froid_alimentaire;0.81;0.57;0.46;0.46;0.46;0.46
Sport Loisir Culture;Petite salle de spectacle;Froid_alimentaire;0.89;0.62;0.5;0.5;0.5;0.5
Sport Loisir Culture;Petite salle multisport;Froid_alimentaire;1.34;0.94;0.75;0.75;0.75;0.75
Sport Loisir Culture;Piscine;Froid_alimentaire;0.96;0.67;0.54;0.54;0.54;0.54
Sport Loisir Culture;Salle non spécialisée;Froid_alimentaire;1.08;0.76;0.61;0.61;0.61;0.61
Sport Loisir Culture;Vestiaire et rangement;Froid_alimentaire;0;0;0;0;0;0
Transport;transport nr;Bureautique;1;1;1;1;1;1
Bureaux Administration;immeuble peri urbain;Autre;25.03;25.03;25.03;25.03;25.03;25.03
Bureaux Administration;immeuble rénové;Autre;25.03;25.03;25.03;25.03;25.03;25.03
Bureaux Administration;immeuble résidentiel;Autre;25.03;25.03;25.03;25.03;25.03;25.03
Bureaux Administration;plateau large bureau paysagés;Autre;25.03;25.03;25.03;25.03;25.03;25.03
Bureaux Administration;plateau large bureaux cloisonnés;Autre;25.03;25.03;25.03;25.03;25.03;25.03
Bureaux Administration;plateau mince;Autre;25.03;25.03;25.03;25.03;25.03;25.03
Café Hôtel Restaurant;Grand bar café tabac;Autre;7.12;7.12;7.12;7.12;7.12;7.12
Café Hôtel Restaurant;Grand Hotel avec restaurant Bas de gamme;Autre;7.47;7.47;7.47;7.47;7.47;7.47
Café Hôtel Restaurant;Grand Hotel avec restaurant Haut de gamme;Autre;7.39;7.39;7.39;7.39;7.39;7.39
Café Hôtel Restaurant;Grand Hotel avec restaurant Luxe;Autre;7.47;7.47;7.47;7.47;7.47;7.47
Café Hôtel Restaurant;Grand Hotel sans restaurant Bas de gamme;Autre;6.16;6.16;6.16;6.16;6.16;6.16
Café Hôtel Restaurant;Grand Hotel sans restaurant Haut de gamme;Autre;6.3;6.3;6.3;6.3;6.3;6.3
Café Hôtel Restaurant;Grand Hotel sans restaurant Luxe;Autre;7.15;7.15;7.15;7.15;7.15;7.15
Café Hôtel Restaurant;Grand restaurant rapide;Autre;8.19;8.19;8.19;8.19;8.19;8.19
Café Hôtel Restaurant;Grand restaurant traditionnel;Autre;8.19;8.19;8.19;8.19;8.19;8.19
Café Hôtel Restaurant;Grande cantine;Autre;7.12;7.12;7.12;7.12;7.12;7.12
Café Hôtel Restaurant;Hotel d'affaire avec restaurant Haut de gamme;Autre;7.15;7.15;7.15;7.15;7.15;7.15
Café Hôtel Restaurant;Hotel d'affaire avec restaurant Luxe;Autre;7.39;7.39;7.39;7.39;7.39;7.39
Café Hôtel Restaurant;Hotel d'affaire sans restaurant Haut de Gamme;Autre;7.15;7.15;7.15;7.15;7.15;7.15
Café Hôtel Restaurant;Hotel d'affaire sans restaurant Luxe;Autre;7.15;7.15;7.15;7.15;7.15;7.15
Café Hôtel Restaurant;Moyen Hotel avec restaurant Bas de gamme;Autre;7.47;7.47;7.47;7.47;7.47;7.47
Café Hôtel Restaurant;Moyen Hotel avec restaurant Haut de gamme;Autre;7.47;7.47;7.47;7.47;7.47;7.47
Café Hôtel Restaurant;Moyen Hotel avec restaurant Luxe;Autre;7.47;7.47;7.47;7.47;7.47;7.47
Café Hôtel Restaurant;Moyen Hotel sans restaurant Bas de gamme;Autre;6.02;6.02;6.02;6.02;6.02;6.02
Café Hôtel Restaurant;Moyen Hotel sans restaurant Haut de gamme;Autre;6.02;6.02;6.02;6.02;6.02;6.02
Café Hôtel Restaurant;Moyen Hotel sans restaurant Luxe;Autre;6.45;6.45;6.45;6.45;6.45;6.45
Café Hôtel Restaurant;Petit bar café tabac;Autre;7.12;7.12;7.12;7.12;7.12;7.12
Café Hôtel Restaurant;Petit Hotel avec restaurant Bas de gamme;Autre;7.47;7.47;7.47;7.47;7.47;7.47
Café Hôtel Restaurant;Petit Hotel avec restaurant Haut de gamme;Autre;7.47;7.47;7.47;7.47;7.47;7.47
Café Hôtel Restaurant;Petit Hotel avec restaurant Luxe;Autre;7.47;7.47;7.47;7.47;7.47;7.47
Café Hôtel Restaurant;Petit Hotel sans restaurant Bas de gamme;Autre;6.02;6.02;6.02;6.02;6.02;6.02
Café Hôtel Restaurant;Petit Hotel sans restaurant Haut de gamme;Autre;6.02;6.02;6.02;6.02;6.02;6.02
Café Hôtel Restaurant;Petit Hotel sans restaurant Luxe;Autre;7.15;7.15;7.15;7.15;7.15;7.15
Café Hôtel Restaurant;Petit restaurant rapide;Autre;8.19;8.19;8.19;8.19;8.19;8.19
Café Hôtel Restaurant;Petit restaurant traditionnel;Autre;8.19;8.19;8.19;8.19;8.19;8.19
Café Hôtel Restaurant;Petite cantine;Autre;7.12;7.12;7.12;7.12;7.12;7.12
Commerce;Complexe brico;Autre;0;0;0;0;0;0
Commerce;Entrepôt;Autre;0.61;0.61;0.61;0.61;0.61;0.61
Commerce;Grand alimentaire;Autre;11.76;11.76;11.76;11.76;11.76;11.76
Commerce;Grand brico;Autre;0;0;0;0;0;0
Commerce;Grand commerce de gros;Autre;0;0;0;0;0;0
Commerce;Grand librairie;Autre;42.45;42.45;42.45;42.45;42.45;42.45
Commerce;Grand Mode;Autre;0;0;0;0;0;0
Commerce;Grand process;Autre;166.56;166.56;166.56;166.56;166.56;166.56
Commerce;Hypermarché;Autre;10.29;10.29;10.29;10.29;10.29;10.29
Commerce;Petit boulangerie;Autre;0;0;0;0;0;0
Commerce;Petit brico;Autre;0;0;0;0;0;0
Commerce;Petit commerce de gros;Autre;0;0;0;0;0;0
Commerce;Petit librairie;Autre;0;0;0;0;0;0
Commerce;Petit mode;Autre;0;0;0;0;0;0
Commerce;Petit poissonnerie;Autre;0;0;0;0;0;0
Commerce;Petit process;Autre;166.56;166.56;166.56;166.56;166.56;166.56
Commerce;Superette;Autre;10.29;10.29;10.29;10.29;10.29;10.29
Commerce;Supermarché;Autre;10.29;10.29;10.29;10.29;10.29;10.29
Commerce;ZAC Mode;Autre;0;0;0;0;0;0
Enseignement Recherche;Cantine collége;Autre;4.41;4.41;4.41;4.41;4.41;4.41
Enseignement Recherche;Cantine élémentaire;Autre;4.14;4.14;4.14;4.14;4.14;4.14
Enseignement Recherche;Cantine LEGT;Autre;4.41;4.41;4.41;4.41;4.41;4.41
Enseignement Recherche;Cantine LP;Autre;4.41;4.41;4.41;4.41;4.41;4.41
Enseignement Recherche;Cantine préélémentaire;Autre;4.14;4.14;4.14;4.14;4.14;4.14
Enseignement Recherche;Collège;Autre;4.41;4.41;4.41;4.41;4.41;4.41
Enseignement Recherche;école;Autre;6.7;6.7;6.7;6.7;6.7;6.7
Enseignement Recherche;Elémentaire;Autre;4.14;4.14;4.14;4.14;4.14;4.14
Enseignement Recherche;Internat college;Autre;4.41;4.41;4.41;4.41;4.41;4.41
Enseignement Recherche;Internat LEGT;Autre;4.41;4.41;4.41;4.41;4.41;4.41
Enseignement Recherche;Internat LP;Autre;4.41;4.41;4.41;4.41;4.41;4.41
Enseignement Recherche;Lycée d’enseignement général et technologique (LEGT);Autre;4.41;4.41;4.41;4.41;4.41;4.41
Enseignement Recherche;Lycée professionnel (LP);Autre;4.41;4.41;4.41;4.41;4.41;4.41
Enseignement Recherche;Préélémentaire;Autre;4.14;4.14;4.14;4.14;4.14;4.14
Enseignement Recherche;R&D en sciences humaines et sociales;Autre;6.7;6.7;6.7;6.7;6.7;6.7
Enseignement Recherche;R&D sciences physiques et naturelles;Autre;6.7;6.7;6.7;6.7;6.7;6.7
Enseignement Recherche;université;Autre;6.7;6.7;6.7;6.7;6.7;6.7
Habitat Communautaire;Foyers;Autre;9.42;9.42;9.42;9.42;9.42;9.42
Habitat Communautaire;Maison de pré-retraite;Autre;9.42;9.42;9.42;9.42;9.42;9.42
Habitat Communautaire;Maison retraite médicalisée;Autre;9.42;9.42;9.42;9.42;9.42;9.42
Habitat Communautaire;Résidence universitaire;Autre;9.42;9.42;9.42;9.42;9.42;9.42
Habitat Communautaire;Résidentiel;Autre;9.42;9.42;9.42;9.42;9.42;9.42
Santé Action Sociale;Cabinet médical;Autre;16.05;16.05;16.05;16.05;16.05;16.05
Santé Action Sociale;Centre accueil;Autre;16.05;16.05;16.05;16.05;16.05;16.05
Santé Action Sociale;Garderie;Autre;16.05;16.05;16.05;16.05;16.05;16.05
Santé Action Sociale;Hopital bloc;Autre;16.05;16.05;16.05;16.05;16.05;16.05
Santé Action Sociale;Hopital maison;Autre;16.05;16.05;16.05;16.05;16.05;16.05
Santé Action Sociale;Hopital pavillonnaire;Autre;16.05;16.05;16.05;16.05;16.05;16.05
Sport Loisir Culture;Grand bar café tabac loisir;Autre;1;1;1;1;1;1
Sport Loisir Culture;Grand cinéma;Autre;0.86;0.86;0.86;0.86;0.86;0.86
Sport Loisir Culture;Grande salle de spectacle;Autre;6.19;6.19;6.19;6.19;6.19;6.19
Sport Loisir Culture;Grande salle multisport;Autre;0.99;0.99;0.99;0.99;0.99;0.99
Sport Loisir Culture;Immeuble péri urbain;Autre;1;1;1;1;1;1
Sport Loisir Culture;Musée;Autre;0.81;0.81;0.81;0.81;0.81;0.81
Transport;transport nr;Process;0;0;0;0;0;0
Sport Loisir Culture;Patinoire;Autre;6.07;6.07;6.07;6.07;6.07;6.07
Sport Loisir Culture;Petit cinéma;Autre;0.81;0.81;0.81;0.81;0.81;0.81
Sport Loisir Culture;Petite salle de spectacle;Autre;0.89;0.89;0.89;0.89;0.89;0.89
Sport Loisir Culture;Petite salle multisport;Autre;1.34;1.34;1.34;1.34;1.34;1.34
Sport Loisir Culture;Piscine;Autre;0.96;0.96;0.96;0.96;0.96;0.96
Sport Loisir Culture;Salle non spécialisée;Autre;1.08;1.08;1.08;1.08;1.08;1.08
Sport Loisir Culture;Vestiaire et rangement;Autre;1.09;1.09;1.09;1.09;1.09;1.09
Transport;transport nr;Froid_alimentaire;10;7;5.6;5.6;5.6;5.6
Bureaux Administration;immeuble peri urbain;Cuisson;4.29;4.29;4.29;4.29;4.29;4.29
Bureaux Administration;immeuble rénové;Cuisson;4.29;4.29;4.29;4.29;4.29;4.29
Bureaux Administration;immeuble résidentiel;Cuisson;4.29;4.29;4.29;4.29;4.29;4.29
Bureaux Administration;plateau large bureau paysagés;Cuisson;4.29;4.29;4.29;4.29;4.29;4.29
Bureaux Administration;plateau large bureaux cloisonnés;Cuisson;4.29;4.29;4.29;4.29;4.29;4.29
Bureaux Administration;plateau mince;Cuisson;4.29;4.29;4.29;4.29;4.29;4.29
Café Hôtel Restaurant;Grand bar café tabac;Cuisson;85.23;85.23;85.23;85.23;85.23;85.23
Café Hôtel Restaurant;Grand Hotel avec restaurant Bas de gamme;Cuisson;76.22;76.22;76.22;76.22;76.22;76.22
Café Hôtel Restaurant;Grand Hotel avec restaurant Haut de gamme;Cuisson;76.16;76.16;76.16;76.16;76.16;76.16
Café Hôtel Restaurant;Grand Hotel avec restaurant Luxe;Cuisson;76.22;76.22;76.22;76.22;76.22;76.22
Café Hôtel Restaurant;Grand Hotel sans restaurant Bas de gamme;Cuisson;22.34;22.34;22.34;22.34;22.34;22.34
Café Hôtel Restaurant;Grand Hotel sans restaurant Haut de gamme;Cuisson;30;30;30;30;30;30
Café Hôtel Restaurant;Grand Hotel sans restaurant Luxe;Cuisson;75.97;75.97;75.97;75.97;75.97;75.97
Café Hôtel Restaurant;Grand restaurant rapide;Cuisson;161.87;161.87;161.87;161.87;161.87;161.87
Café Hôtel Restaurant;Grand restaurant traditionnel;Cuisson;161.87;161.87;161.87;161.87;161.87;161.87
Café Hôtel Restaurant;Grande cantine;Cuisson;85.23;85.23;85.23;85.23;85.23;85.23
Café Hôtel Restaurant;Hotel d'affaire avec restaurant Haut de gamme;Cuisson;75.97;75.97;75.97;75.97;75.97;75.97
Café Hôtel Restaurant;Hotel d'affaire avec restaurant Luxe;Cuisson;76.16;76.16;76.16;76.16;76.16;76.16
Café Hôtel Restaurant;Hotel d'affaire sans restaurant Haut de Gamme;Cuisson;75.97;75.97;75.97;75.97;75.97;75.97
Café Hôtel Restaurant;Hotel d'affaire sans restaurant Luxe;Cuisson;75.97;75.97;75.97;75.97;75.97;75.97
Café Hôtel Restaurant;Moyen Hotel avec restaurant Bas de gamme;Cuisson;76.22;76.22;76.22;76.22;76.22;76.22
Café Hôtel Restaurant;Moyen Hotel avec restaurant Haut de gamme;Cuisson;76.22;76.22;76.22;76.22;76.22;76.22
Café Hôtel Restaurant;Moyen Hotel avec restaurant Luxe;Cuisson;76.22;76.22;76.22;76.22;76.22;76.22
Café Hôtel Restaurant;Moyen Hotel sans restaurant Bas de gamme;Cuisson;14.68;14.68;14.68;14.68;14.68;14.68
Café Hôtel Restaurant;Moyen Hotel sans restaurant Haut de gamme;Cuisson;14.68;14.68;14.68;14.68;14.68;14.68
Café Hôtel Restaurant;Moyen Hotel sans restaurant Luxe;Cuisson;37.66;37.66;37.66;37.66;37.66;37.66
Café Hôtel Restaurant;Petit bar café tabac;Cuisson;85.23;85.23;85.23;85.23;85.23;85.23
Café Hôtel Restaurant;Petit Hotel avec restaurant Bas de gamme;Cuisson;76.22;76.22;76.22;76.22;76.22;76.22
Café Hôtel Restaurant;Petit Hotel avec restaurant Haut de gamme;Cuisson;76.22;76.22;76.22;76.22;76.22;76.22
Café Hôtel Restaurant;Petit Hotel avec restaurant Luxe;Cuisson;76.22;76.22;76.22;76.22;76.22;76.22
Café Hôtel Restaurant;Petit Hotel sans restaurant Bas de gamme;Cuisson;14.68;14.68;14.68;14.68;14.68;14.68
Café Hôtel Restaurant;Petit Hotel sans restaurant Haut de gamme;Cuisson;14.68;14.68;14.68;14.68;14.68;14.68
Café Hôtel Restaurant;Petit Hotel sans restaurant Luxe;Cuisson;75.97;75.97;75.97;75.97;75.97;75.97
Café Hôtel Restaurant;Petit restaurant rapide;Cuisson;161.87;161.87;161.87;161.87;161.87;161.87
Café Hôtel Restaurant;Petit restaurant traditionnel;Cuisson;161.87;161.87;161.87;161.87;161.87;161.87
Café Hôtel Restaurant;Petite cantine;Cuisson;85.23;85.23;85.23;85.23;85.23;85.23
Commerce;Complexe brico;Cuisson;1.29;1.29;1.29;1.29;1.29;1.29
Commerce;Entrepôt;Cuisson;0;0;0;0;0;0
Commerce;Grand alimentaire;Cuisson;9.24;9.24;9.24;9.24;9.24;9.24
Commerce;Grand brico;Cuisson;1.29;1.29;1.29;1.29;1.29;1.29
Commerce;Grand commerce de gros;Cuisson;2.36;2.36;2.36;2.36;2.36;2.36
Commerce;Grand librairie;Cuisson;6.11;6.11;6.11;6.11;6.11;6.11
Commerce;Grand Mode;Cuisson;1.29;1.29;1.29;1.29;1.29;1.29
Commerce;Grand process;Cuisson;20.2;20.2;20.2;20.2;20.2;20.2
Commerce;Hypermarché;Cuisson;9.68;9.68;9.68;9.68;9.68;9.68
Commerce;Petit boulangerie;Cuisson;9.2;9.2;9.2;9.2;9.2;9.2
Commerce;Petit brico;Cuisson;1.29;1.29;1.29;1.29;1.29;1.29
Commerce;Petit commerce de gros;Cuisson;2.36;2.36;2.36;2.36;2.36;2.36
Commerce;Petit librairie;Cuisson;1.99;1.99;1.99;1.99;1.99;1.99
Commerce;Petit mode;Cuisson;1.29;1.29;1.29;1.29;1.29;1.29
Commerce;Petit poissonnerie;Cuisson;9.2;9.2;9.2;9.2;9.2;9.2
Commerce;Petit process;Cuisson;20.2;20.2;20.2;20.2;20.2;20.2
Commerce;Superette;Cuisson;9.68;9.68;9.68;9.68;9.68;9.68
Commerce;Supermarché;Cuisson;9.68;9.68;9.68;9.68;9.68;9.68
Commerce;ZAC Mode;Cuisson;1.29;1.29;1.29;1.29;1.29;1.29
Enseignement Recherche;Cantine collége;Cuisson;328.4;328.4;328.4;328.4;328.4;328.4
Enseignement Recherche;Cantine élémentaire;Cuisson;131.51;131.51;131.51;131.51;131.51;131.51
Enseignement Recherche;Cantine LEGT;Cuisson;328.4;328.4;328.4;328.4;328.4;328.4
Enseignement Recherche;Cantine LP;Cuisson;328.4;328.4;328.4;328.4;328.4;328.4
Enseignement Recherche;Cantine préélémentaire;Cuisson;131.51;131.51;131.51;131.51;131.51;131.51
Enseignement Recherche;Collège;Cuisson;145.21;145.21;145.21;145.21;145.21;145.21
Enseignement Recherche;école;Cuisson;14.66;14.66;14.66;14.66;14.66;14.66
Enseignement Recherche;Elémentaire;Cuisson;145.21;145.21;145.21;145.21;145.21;145.21
Enseignement Recherche;Internat college;Cuisson;145.21;145.21;145.21;145.21;145.21;145.21
Enseignement Recherche;Internat LEGT;Cuisson;145.21;145.21;145.21;145.21;145.21;145.21
Enseignement Recherche;Internat LP;Cuisson;145.21;145.21;145.21;145.21;145.21;145.21
Enseignement Recherche;Lycée d’enseignement général et technologique (LEGT);Cuisson;145.21;145.21;145.21;145.21;145.21;145.21
Enseignement Recherche;Lycée professionnel (LP);Cuisson;145.21;145.21;145.21;145.21;145.21;145.21
Enseignement Recherche;Préélémentaire;Cuisson;145.21;145.21;145.21;145.21;145.21;145.21
Enseignement Recherche;R&D en sciences humaines et sociales;Cuisson;14.66;14.66;14.66;14.66;14.66;14.66
Enseignement Recherche;R&D sciences physiques et naturelles;Cuisson;14.66;14.66;14.66;14.66;14.66;14.66
Enseignement Recherche;université;Cuisson;14.66;14.66;14.66;14.66;14.66;14.66
Habitat Communautaire;Foyers;Cuisson;24.65;24.65;24.65;24.65;24.65;24.65
Habitat Communautaire;Maison de pré-retraite;Cuisson;24.65;24.65;24.65;24.65;24.65;24.65
Habitat Communautaire;Maison retraite médicalisée;Cuisson;24.65;24.65;24.65;24.65;24.65;24.65
Habitat Communautaire;Résidence universitaire;Cuisson;24.65;24.65;24.65;24.65;24.65;24.65
Habitat Communautaire;Résidentiel;Cuisson;24.65;24.65;24.65;24.65;24.65;24.65
Santé Action Sociale;Cabinet médical;Cuisson;12.15;12.15;12.15;12.15;12.15;12.15
Santé Action Sociale;Centre accueil;Cuisson;12.15;12.15;12.15;12.15;12.15;12.15
Santé Action Sociale;Garderie;Cuisson;12.15;12.15;12.15;12.15;12.15;12.15
Santé Action Sociale;Hopital bloc;Cuisson;12.15;12.15;12.15;12.15;12.15;12.15
Santé Action Sociale;Hopital maison;Cuisson;12.15;12.15;12.15;12.15;12.15;12.15
Santé Action Sociale;Hopital pavillonnaire;Cuisson;12.15;12.15;12.15;12.15;12.15;12.15
Sport Loisir Culture;Grand bar café tabac loisir;Cuisson;80.25;80.25;80.25;80.25;80.25;80.25
Sport Loisir Culture;Grand cinéma;Cuisson;7.63;7.63;7.63;7.63;7.63;7.63
Sport Loisir Culture;Grande salle de spectacle;Cuisson;12.71;12.71;12.71;12.71;12.71;12.71
Sport Loisir Culture;Grande salle multisport;Cuisson;0;0;0;0;0;0
Sport Loisir Culture;Immeuble péri urbain;Cuisson;5.26;5.26;5.26;5.26;5.26;5.26
Sport Loisir Culture;Musée;Cuisson;7.16;7.16;7.16;7.16;7.16;7.16
Transport;transport nr;Autre;56.37;56.37;56.37;56.37;56.37;56.37
Sport Loisir Culture;Patinoire;Cuisson;5.35;5.35;5.35;5.35;5.35;5.35
Sport Loisir Culture;Petit cinéma;Cuisson;7.19;7.19;7.19;7.19;7.19;7.19
Sport Loisir Culture;Petite salle de spectacle;Cuisson;7.86;7.86;7.86;7.86;7.86;7.86
Sport Loisir Culture;Petite salle multisport;Cuisson;0;0;0;0;0;0
Sport Loisir Culture;Piscine;Cuisson;0;0;0;0;0;0
Sport Loisir Culture;Salle non spécialisée;Cuisson;9.55;9.55;9.55;9.55;9.55;9.55
Sport Loisir Culture;Vestiaire et rangement;Cuisson;0;0;0;0;0;0
Transport;transport nr;Cuisson;8.36;8.36;8.36;8.36;8.36;8.36
